Name,Address,City,Rating,Review Count,Coordinates,Price,Id,Categories,Latitude,Longitude
DiJiFi,"['1166 Manhattan Ave', 'Ste 201', 'Brooklyn, NY 11222']",Brooklyn,4.5,165,"{'latitude': 40.7382584, 'longitude': -73.9549479}",2.0,CwBYC8nVLbG7KjVU6nwR4A,"[{'alias': 'photographystores', 'title': 'Photography Stores & Services'}, {'alias': 'videofilmproductions', 'title': 'Video/Film Production'}, {'alias': 'digitizingservices', 'title': 'Digitizing Services'}]",40.7382584,-73.9549479
Indigo Productions,"['250 W 90th St', 'New York, NY 10024']",New York,5.0,5,"{'latitude': 40.7908706665039, 'longitude': -73.9751968383789}",,8v0pPzCHOgJKGmydp2_xCA,"[{'alias': 'videographers', 'title': 'Videographers'}, {'alias': 'videofilmproductions', 'title': 'Video/Film Production'}]",40.7908706665039,-73.9751968383789
Bizvidmedia Productions,"['99 Wallstreet', 'New York, NY 10005']",New York,5.0,5,"{'latitude': 40.70479, 'longitude': -74.00726}",,dQeD7LOvK4owK-8ysfu9gQ,"[{'alias': 'videofilmproductions', 'title': 'Video/Film Production'}]",40.70479,-74.00726
Shell's Loft Brooklyn,"['13 Lexington Ave', 'Brooklyn, NY 11238']",Brooklyn,5.0,2,"{'latitude': 40.6866128, 'longitude': -73.9616521}",,RJ8gQ3rFW7-iX8VA9EhDmw,"[{'alias': 'videofilmproductions', 'title': 'Video/Film Production'}]",40.6866128,-73.9616521
Kaleidoscope Pictures,"['Brooklyn, NY 11231']",Brooklyn,5.0,8,"{'latitude': 40.6772802, 'longitude': -74.0094471}",,9uHmHMAsMiGnCulUL_8cLQ,"[{'alias': 'sessionphotography', 'title': 'Session Photography'}, {'alias': 'eventphotography', 'title': 'Event Photography'}, {'alias': 'videofilmproductions', 'title': 'Video/Film Production'}]",40.6772802,-74.0094471
590films,"['42 West St', 'Ste 301', 'Brooklyn, NY 11222']",Brooklyn,5.0,4,"{'latitude': 40.7280427, 'longitude': -73.9588363}",,d-qaOdxKdZKe2fXEIl-i3g,"[{'alias': 'videofilmproductions', 'title': 'Video/Film Production'}]",40.7280427,-73.9588363
Hello World Communications,"['118 W 22nd St', 'Fl 2', 'New York, NY 10011']",New York,5.0,42,"{'latitude': 40.7425398, 'longitude': -73.9945521}",,E1gMEffffz_ZAjrpU85a0Q,"[{'alias': 'videofilmproductions', 'title': 'Video/Film Production'}]",40.7425398,-73.9945521
YouTube Space,"['75 9th Ave', 'New York, NY 10011']",New York,5.0,6,"{'latitude': 40.742581, 'longitude': -74.005434}",,Qeow9fHfcXHWIQ8I3JtKoQ,"[{'alias': 'videofilmproductions', 'title': 'Video/Film Production'}]",40.742581,-74.005434
Cinema World Studios,"['220 Dupont St', 'Brooklyn, NY 11222']",Brooklyn,4.5,2,"{'latitude': 40.735954, 'longitude': -73.950508}",,6xZHiBQiaC9o1Jma1BSu7A,"[{'alias': 'theater', 'title': 'Performing Arts'}, {'alias': 'videofilmproductions', 'title': 'Video/Film Production'}]",40.735954,-73.950508
Deverge Studio,"['150 W 28th St', 'Ste 600', 'New York, NY 10001']",New York,5.0,5,"{'latitude': 40.74676, 'longitude': -73.99282}",,a_fzR8OJ9M59h_GyRfpaIQ,"[{'alias': 'videofilmproductions', 'title': 'Video/Film Production'}]",40.74676,-73.99282
Silvercup Studios,"['42-22 22nd St', 'Long Island City, NY 11101']",Long Island City,4.5,12,"{'latitude': 40.751331, 'longitude': -73.943515}",,PmQCLScgnN8DhGVxWN8nFQ,"[{'alias': 'theater', 'title': 'Performing Arts'}, {'alias': 'videofilmproductions', 'title': 'Video/Film Production'}]",40.751331,-73.943515
Ground Glass Motion Picture Company,"['195 Christie St', 'New York, NY 10002']",New York,5.0,1,"{'latitude': 40.7221489, 'longitude': -73.9923325}",,CjI40qw7Djs13FhjfyM6Ig,"[{'alias': 'videofilmproductions', 'title': 'Video/Film Production'}]",40.7221489,-73.9923325
ActorIntro,"['555 West 59th St', 'Holbrook Studio', 'New York, NY 10019']",New York,4.0,5,"{'latitude': 40.771451, 'longitude': -73.989385}",,GO_ymzhpBd4v7LreDzBE0w,"[{'alias': 'videofilmproductions', 'title': 'Video/Film Production'}]",40.771451,-73.989385
Hit and Run Productions,"['65 Roebling St', 'Ste 202', 'Brooklyn, NY 11211']",Brooklyn,5.0,4,"{'latitude': 40.7165128, 'longitude': -73.9546435}",,ntnuLH-tk9Qh8n895hDV9g,"[{'alias': 'videofilmproductions', 'title': 'Video/Film Production'}, {'alias': 'costumes', 'title': 'Costumes'}, {'alias': 'props', 'title': 'Props'}]",40.7165128,-73.9546435
Brooklyn Studios,"['8-16 43rd Ave', 'Long Island City, NY 11101']",Long Island City,4.5,8,"{'latitude': 40.7526277, 'longitude': -73.949923}",,2dxfi5_e3rscIp_J5rfpJw,"[{'alias': 'videofilmproductions', 'title': 'Video/Film Production'}]",40.7526277,-73.949923
The Self Tape Space,"['W 118th St & Manhattan Ave', 'New York, NY 10026']",New York,5.0,13,"{'latitude': 40.806343, 'longitude': -73.955873}",,DUqn0GLADTaPLjajbdhxfQ,"[{'alias': 'videofilmproductions', 'title': 'Video/Film Production'}]",40.806343,-73.955873
Reel Creative Studios,"['146 W 29th St', 'Fl 3', 'Manhattan, NY 10001']",Manhattan,4.5,11,"{'latitude': 40.750133, 'longitude': -73.997006}",,bRvp8gAx6og9UjbrncuJGA,"[{'alias': 'videofilmproductions', 'title': 'Video/Film Production'}, {'alias': 'videographers', 'title': 'Videographers'}, {'alias': 'eventphotography', 'title': 'Event Photography'}]",40.750133,-73.997006
Michael Justin Films,"['34 W 73rd St', 'New York, NY 10023']",New York,5.0,17,"{'latitude': 40.9547520442269, 'longitude': -73.8106155395508}",,XKaanqkWzGK7AC6FJz8BrA,"[{'alias': 'videofilmproductions', 'title': 'Video/Film Production'}, {'alias': 'videographers', 'title': 'Videographers'}]",40.9547520442269,-73.8106155395508
American Movie Company,"['808 Broadway', 'New York, NY 10003']",New York,5.0,9,"{'latitude': 40.7324361, 'longitude': -73.9909751}",,LGqfd5W7vsg86SeI4TsxPA,"[{'alias': 'videographers', 'title': 'Videographers'}, {'alias': 'videofilmproductions', 'title': 'Video/Film Production'}]",40.7324361,-73.9909751
New York Film Shop,"['437 Washington St', 'New York, NY 10013']",New York,5.0,3,"{'latitude': 40.7232895, 'longitude': -74.0101166}",,WbcwJ0wTTJ5ASN7zzgW_IQ,"[{'alias': 'videofilmproductions', 'title': 'Video/Film Production'}]",40.7232895,-74.0101166
BK Actors Self-Tape,"['141 Flushing Ave', 'Bldg 77 ,Ste 1336', 'Brooklyn Navy Yard', 'Brooklyn, NY 11205']",Brooklyn,5.0,14,"{'latitude': 40.6985551, 'longitude': -73.9712029}",,wvWXLBTqF4JdD5_QCXiR_g,"[{'alias': 'videofilmproductions', 'title': 'Video/Film Production'}, {'alias': 'specialtyschools', 'title': 'Specialty Schools'}, {'alias': 'studiotaping', 'title': 'Studio Taping'}]",40.6985551,-73.9712029
MRD Productions,"['500 W 30th St', 'New York, NY 10001']",New York,5.0,1,"{'latitude': 40.75194, 'longitude': -74.00156}",,11ZsPglSePRSoLjdEIdpNA,"[{'alias': 'videofilmproductions', 'title': 'Video/Film Production'}, {'alias': 'marketing', 'title': 'Marketing'}, {'alias': 'advertising', 'title': 'Advertising'}]",40.75194,-74.00156
V-Productions,"['469 7th Ave', 'New York, NY 10018']",New York,5.0,1,"{'latitude': 40.7519226, 'longitude': -73.9894887}",,DVB8M-lrtk1lQmPu63168A,"[{'alias': 'videofilmproductions', 'title': 'Video/Film Production'}]",40.7519226,-73.9894887
Dan Simon Media,"['New York, NY 10065']",New York,5.0,2,"{'latitude': 40.76459, 'longitude': -73.96363}",,4u4TSJHl3cplBAVTqSRMKw,"[{'alias': 'videofilmproductions', 'title': 'Video/Film Production'}, {'alias': 'videographers', 'title': 'Videographers'}, {'alias': 'eventphotography', 'title': 'Event Photography'}]",40.76459,-73.96363
Dataworks,"['10 E 39th St', 'Fl 5', 'New York, NY 10016']",New York,5.0,20,"{'latitude': 40.7510714, 'longitude': -73.9816058}",,2cqw10lMPcgftU71kfnBRQ,"[{'alias': 'videofilmproductions', 'title': 'Video/Film Production'}, {'alias': 'digitizingservices', 'title': 'Digitizing Services'}]",40.7510714,-73.9816058
Steiner Studios,"['15 Washington Ave', 'Brooklyn, NY 11205']",Brooklyn,4.5,7,"{'latitude': 40.6983157794782, 'longitude': -73.967696428299}",,vWjWvJFG64W9Mti7EvmgYQ,"[{'alias': 'videofilmproductions', 'title': 'Video/Film Production'}]",40.6983157794782,-73.967696428299
Miller/Datri Entertainment,"['600 Fifth Ave', 'Fl 2', 'New York, NY 10020']",New York,5.0,4,"{'latitude': 40.758596, 'longitude': -73.9784575}",,zmSdSoGm60eY6Jvl6bz4pA,"[{'alias': 'videofilmproductions', 'title': 'Video/Film Production'}]",40.758596,-73.9784575
Mind of Who Productions,"['193 Marcus Garvey Blvd', 'Brooklyn, NY 11221']",Brooklyn,4.5,2,"{'latitude': 40.691765, 'longitude': -73.939434}",,kPkv6b0jS96L0MHtQJ6O6Q,"[{'alias': 'videofilmproductions', 'title': 'Video/Film Production'}, {'alias': 'sessionphotography', 'title': 'Session Photography'}, {'alias': 'marketing', 'title': 'Marketing'}]",40.691765,-73.939434
Silentface,"['86 Menahan St', 'Ste 2L', 'Brooklyn, NY 11221']",Brooklyn,5.0,1,"{'latitude': 40.69445, 'longitude': -73.92036}",,Y_omLPmjGaeDVEvfMgn67w,"[{'alias': 'videofilmproductions', 'title': 'Video/Film Production'}]",40.69445,-73.92036
Iris Cinematics,"['121 Newark Ave', 'Ste 506', 'Jersey City, NJ 07302']",Jersey City,5.0,1,"{'latitude': 40.7199096679688, 'longitude': -74.0432891845703}",,2eJfWKhPxnAwqylZN7S-4g,"[{'alias': 'videofilmproductions', 'title': 'Video/Film Production'}]",40.7199096679688,-74.0432891845703
Hello Super Studios,"['Brooklyn, NY 11206']",Brooklyn,5.0,9,"{'latitude': 40.7038917541504, 'longitude': -73.9447479248047}",,NYUeaXG5lT7CLKt-oZZxDw,"[{'alias': 'videographers', 'title': 'Videographers'}, {'alias': 'videofilmproductions', 'title': 'Video/Film Production'}]",40.7038917541504,-73.9447479248047
Valerie Terranova Photography,"['New York, NY 10029']",New York,5.0,1,"{'latitude': 40.79138, 'longitude': -73.94481}",,-kwklsFI3zfmx_IrohGfvA,"[{'alias': 'sessionphotography', 'title': 'Session Photography'}, {'alias': 'eventphotography', 'title': 'Event Photography'}, {'alias': 'videofilmproductions', 'title': 'Video/Film Production'}]",40.79138,-73.94481
Amy Lawday Films,"['Brooklyn, NY 11238']",Brooklyn,5.0,1,"{'latitude': 40.67772, 'longitude': -73.96312}",,nLDKxf054v1bF6N6YYK57w,"[{'alias': 'videofilmproductions', 'title': 'Video/Film Production'}]",40.67772,-73.96312
New Dawn Films,"['88 Greenwich St', 'Ste 2702', 'New York, NY 10006']",New York,5.0,1,"{'latitude': 40.7077779, 'longitude': -74.013832}",,OG6ZU_TSKIey7xOAd2aEXw,"[{'alias': 'videofilmproductions', 'title': 'Video/Film Production'}]",40.7077779,-74.013832
Film Trade,"['86 Verona St', 'New York, NY 11231']",New York,5.0,1,"{'latitude': 40.6796212181687, 'longitude': -74.0091629592533}",,lQ9mWOYWN4r7PwHw5dCGRw,"[{'alias': 'audiovisualequipmentrental', 'title': 'Audio/Visual Equipment Rental'}, {'alias': 'machinerental', 'title': 'Machine & Tool Rental'}, {'alias': 'videofilmproductions', 'title': 'Video/Film Production'}]",40.6796212181687,-74.0091629592533
SkyTown Entertainment,"['5 Crosby St', 'Ste 2F', 'New York, NY 10013']",New York,5.0,21,"{'latitude': 40.719785, 'longitude': -74.0002426}",,rYzKuFT1WuSFQeYmNLFmEw,"[{'alias': 'videofilmproductions', 'title': 'Video/Film Production'}]",40.719785,-74.0002426
GUM Studios,"['4508 2nd Ave', 'Brooklyn, NY 11232']",Brooklyn,5.0,1,"{'latitude': 40.65181, 'longitude': -74.0143}",,fyMo9IKp3WBfDnIGFOaj5Q,"[{'alias': 'videofilmproductions', 'title': 'Video/Film Production'}]",40.65181,-74.0143
Fine Art Productions,"['1655 Oak Tree Rd', 'Ste 270', 'Edison, NJ 08820']",Edison,4.5,21,"{'latitude': 40.5709695115082, 'longitude': -74.340228068968}",,BxLRNZD_ZHKV5qmqu56T-g,"[{'alias': 'videographers', 'title': 'Videographers'}, {'alias': 'eventphotography', 'title': 'Event Photography'}, {'alias': 'videofilmproductions', 'title': 'Video/Film Production'}]",40.5709695115082,-74.340228068968
Sun Production,"['36-06 30th St', 'C7', 'Astoria, NY 11106']",Astoria,5.0,1,"{'latitude': 40.756815, 'longitude': -73.930988}",,WjxdpN8LpcljQbm-e67TuQ,"[{'alias': 'videofilmproductions', 'title': 'Video/Film Production'}]",40.756815,-73.930988
Urban Myth Studio,"['505 Johnson Ave', 'Brooklyn, NY 11237']",Brooklyn,5.0,4,"{'latitude': 40.708663918903, 'longitude': -73.926939086334}",,FOVaV6u49Hb3VEncHJ5eVg,"[{'alias': 'videofilmproductions', 'title': 'Video/Film Production'}, {'alias': 'sessionphotography', 'title': 'Session Photography'}, {'alias': 'artspacerentals', 'title': 'Art Space Rentals'}]",40.708663918903,-73.926939086334
Automatic Studios,"['52 Bridge St', 'Brooklyn, NY 11201']",Brooklyn,4.0,7,"{'latitude': 40.703069, 'longitude': -73.98468}",,3E1y24pi_KBU8nsODIhjRg,"[{'alias': 'specialtyschools', 'title': 'Specialty Schools'}, {'alias': 'videofilmproductions', 'title': 'Video/Film Production'}]",40.703069,-73.98468
RUX Media,"['50 Harrison St', 'Hoboken, NJ 07030']",Hoboken,5.0,1,"{'latitude': 40.7372343, 'longitude': -74.042797}",,KLFInYxpy0ktk-wQoj74BQ,"[{'alias': 'videofilmproductions', 'title': 'Video/Film Production'}]",40.7372343,-74.042797
Latour de Force Productions,"['New York, NY 10019']",New York,5.0,7,"{'latitude': 40.7645378112793, 'longitude': -73.9842376708984}",,Xe-Or3UTAIz3Ml72G0cACw,"[{'alias': 'videofilmproductions', 'title': 'Video/Film Production'}]",40.7645378112793,-73.9842376708984
Gee Media,"['Brooklyn, NY 11225']",Brooklyn,5.0,4,"{'latitude': 40.66363, 'longitude': -73.95541}",,PuQIIFNgRlcebZmXrsqlkA,"[{'alias': 'videofilmproductions', 'title': 'Video/Film Production'}]",40.66363,-73.95541
Vengo Films,"['8913 4th Ave', 'Ste 5837', 'Brooklyn, NY 11209']",Brooklyn,5.0,1,"{'latitude': 40.620018, 'longitude': -74.0292025}",,vlf3FBanE3sWdtlogKBHXQ,"[{'alias': 'videofilmproductions', 'title': 'Video/Film Production'}]",40.620018,-74.0292025
Prosper Digital TV,"['33 35th St', 'Fl 5. Ste 523', 'Brooklyn, NY 11232']",Brooklyn,5.0,6,"{'latitude': 40.65722, 'longitude': -74.00735}",,5Czvs3C_6OKqQVhMIuLmDw,"[{'alias': 'videographers', 'title': 'Videographers'}, {'alias': 'videofilmproductions', 'title': 'Video/Film Production'}]",40.65722,-74.00735
Red Wall Productions,"['400 W 43rd St', 'Manhattan, NY 10036']",Manhattan,5.0,1,"{'latitude': 40.7590979, 'longitude': -73.9924507}",,WBqB6TTFc41y-pDqcRQFfg,"[{'alias': 'videofilmproductions', 'title': 'Video/Film Production'}]",40.7590979,-73.9924507
Teleprompter Rental,"['808 Broadway', 'Ste 5P', 'New York, NY 10003']",New York,4.5,12,"{'latitude': 40.732678, 'longitude': -73.991217}",,v-ci6v-3mAjKJ8rft-g1iQ,"[{'alias': 'videofilmproductions', 'title': 'Video/Film Production'}]",40.732678,-73.991217
BAZA.Studio,"['34-36 W 32nd St', 'New York, NY 10001']",New York,5.0,1,"{'latitude': 40.747727, 'longitude': -73.987349}",,Ec00I2_Yo0r6FdwgcR8-DA,"[{'alias': 'videofilmproductions', 'title': 'Video/Film Production'}, {'alias': 'web_design', 'title': 'Web Design'}, {'alias': 'photographystores', 'title': 'Photography Stores & Services'}]",40.747727,-73.987349
An Olivetree Production,"['1350 Willoughby Ave', 'New York, NY 11237']",New York,5.0,1,"{'latitude': 40.7061738002948, 'longitude': -73.9202935099089}",,4Xy1UH_wAaHQ2GQPiq8d2A,"[{'alias': 'videofilmproductions', 'title': 'Video/Film Production'}, {'alias': 'videographers', 'title': 'Videographers'}]",40.7061738002948,-73.9202935099089
BB Optics,"['27 W 20th St', 'Ste 307', 'New York, NY 10011']",New York,3.0,3,"{'latitude': 40.7406105, 'longitude': -73.992708}",,VDlRpudNo0ivZOOgAdM8YA,"[{'alias': 'videofilmproductions', 'title': 'Video/Film Production'}]",40.7406105,-73.992708
BC Green Screen Studio,"['152-56 W 25th St', 'Fl 2', 'Manhattan, NY 10001']",Manhattan,5.0,5,"{'latitude': 40.744865, 'longitude': -73.994056}",,FShOGp-3frOcnTAp7rPXbw,"[{'alias': 'videofilmproductions', 'title': 'Video/Film Production'}, {'alias': 'studiotaping', 'title': 'Studio Taping'}]",40.744865,-73.994056
Technicolor PostWorks,"['1411 Broadway', 'New York, NY 10018']",New York,5.0,1,"{'latitude': 40.7542267, 'longitude': -73.9875942}",,z_dPNp4AHZEFQT_q5ZZGlA,"[{'alias': 'videofilmproductions', 'title': 'Video/Film Production'}]",40.7542267,-73.9875942
Killer Combo Studios,"['641 Classon Ave', 'Brooklyn, NY 11238']",Brooklyn,5.0,7,"{'latitude': 40.678534, 'longitude': -73.958435}",,fEtC46_MLieftlPK-0G3Gw,"[{'alias': 'videofilmproductions', 'title': 'Video/Film Production'}, {'alias': 'sessionphotography', 'title': 'Session Photography'}, {'alias': 'eventphotography', 'title': 'Event Photography'}]",40.678534,-73.958435
Beyond Studios NYC,"['272 Seigel St', 'Brooklyn, NY 11206']",Brooklyn,4.5,2,"{'latitude': 40.7051734924316, 'longitude': -73.9341125488281}",,k07zZcqK7Ii-zhMyjn_7fg,"[{'alias': 'videofilmproductions', 'title': 'Video/Film Production'}, {'alias': 'sessionphotography', 'title': 'Session Photography'}, {'alias': 'eventphotography', 'title': 'Event Photography'}]",40.7051734924316,-73.9341125488281
The Cubed Effect,"['New York, NY 11201']",New York,5.0,4,"{'latitude': 40.69347, 'longitude': -73.99052}",,edCanxvjp_VzECE2qY3Mvg,"[{'alias': 'videographers', 'title': 'Videographers'}, {'alias': 'videofilmproductions', 'title': 'Video/Film Production'}]",40.69347,-73.99052
Hand Held Films,"['129 W 27th St', 'New York, NY 10001']",New York,2.5,6,"{'latitude': 40.74618, 'longitude': -73.99221}",,nYDsxaGxVXQrrjsA0ulrJw,"[{'alias': 'videofilmproductions', 'title': 'Video/Film Production'}]",40.74618,-73.99221
Dynasty Films Production Group,"['Queens, NY 11413']",Queens,5.0,1,"{'latitude': 40.67216, 'longitude': -73.74929}",,l5se7GI6pPukAhQFtnDF8A,"[{'alias': 'videofilmproductions', 'title': 'Video/Film Production'}]",40.67216,-73.74929
Spike Li Film,"['28-20 119th St', 'Fl 2', 'Queens, NY 11354']",Queens,5.0,5,"{'latitude': 40.77254, 'longitude': -73.84914}",,RGD7a3Wah_Ml-lZlf-ZkGA,"[{'alias': 'videofilmproductions', 'title': 'Video/Film Production'}, {'alias': 'videographers', 'title': 'Videographers'}, {'alias': 'photographers', 'title': 'Photographers'}]",40.77254,-73.84914
Milk & Honey Productions,"['116 W 23rd St', 'Ste 500', 'New York, NY 10011']",New York,5.0,6,"{'latitude': 40.7431016327803, 'longitude': -73.9934090536103}",,IYNVkb2rSStShZKInbL-yQ,"[{'alias': 'videographers', 'title': 'Videographers'}]",40.7431016327803,-73.9934090536103
Studio 253 NYC @ E.C. Pro Video Systems,"['Ec Pro Video Systems Inc', '253 W 51st St , Fl 3 S', 'New York, NY 10019']",New York,5.0,1,"{'latitude': 40.7628288, 'longitude': -73.9851837}",,pbKvx_z5FaHPYpW16o4ApA,"[{'alias': 'videofilmproductions', 'title': 'Video/Film Production'}, {'alias': 'venues', 'title': 'Venues & Event Spaces'}]",40.7628288,-73.9851837
Caroline Sinno Photography,"['116 John St', 'Ste 3004', 'New York, NY 10038']",New York,5.0,29,"{'latitude': 40.7076289, 'longitude': -74.0058454}",,vbEaav2wy21AQRgCMpp1Cg,"[{'alias': 'eventphotography', 'title': 'Event Photography'}, {'alias': 'sessionphotography', 'title': 'Session Photography'}, {'alias': 'estatephotography', 'title': 'Real Estate Photography'}]",40.7076289,-74.0058454
Starr Street Media,"['852 Rogers Ave', 'Brooklyn, NY 11226']",Brooklyn,5.0,1,"{'latitude': 40.64986, 'longitude': -73.95257}",,ZjlpNq7IDej7Y2lH1Ptu9A,"[{'alias': 'videofilmproductions', 'title': 'Video/Film Production'}]",40.64986,-73.95257
And/With Creative,"['102 Bay Ridge Ave', 'Ste 2F', 'Brooklyn, NY 11220']",Brooklyn,5.0,1,"{'latitude': 40.63741, 'longitude': -74.03218}",,pN4lMDRTIR-jahTxS0Crfw,"[{'alias': 'videofilmproductions', 'title': 'Video/Film Production'}]",40.63741,-74.03218
Onedaybaby,"['New York, NY 10009']",New York,5.0,2,"{'latitude': 40.7271881103516, 'longitude': -73.9797286987305}",,fbm8xvS7-Rf2yinZbx6EVw,"[{'alias': 'videographers', 'title': 'Videographers'}, {'alias': 'sessionphotography', 'title': 'Session Photography'}, {'alias': 'videofilmproductions', 'title': 'Video/Film Production'}]",40.7271881103516,-73.9797286987305
DZ Productions LLC,"['Westwood, NJ 07675']",Westwood,5.0,1,"{'latitude': 40.7368521479561, 'longitude': -74.0288829803467}",,b8X4hxPKR6A4lxx4HfnyrQ,"[{'alias': 'advertising', 'title': 'Advertising'}, {'alias': 'videographers', 'title': 'Videographers'}, {'alias': 'videofilmproductions', 'title': 'Video/Film Production'}]",40.7368521479561,-74.0288829803467
Caryn West the Audition Coach,"['789 W End Ave', 'Ste A', 'New York, NY 10025']",New York,5.0,8,"{'latitude': 40.79704, 'longitude': -73.97213}",,mJW8PDVSc9m5JIgNfVHNgQ,"[{'alias': 'videofilmproductions', 'title': 'Video/Film Production'}, {'alias': 'artschools', 'title': 'Art Schools'}, {'alias': 'theater', 'title': 'Performing Arts'}]",40.79704,-73.97213
Digital Art Video,"['85-06 60th Ave', 'Middle Village, NY 11379']",Middle Village,5.0,1,"{'latitude': 40.7294388, 'longitude': -73.8748016}",,9503CyIBJUQqwJXGi4C0oQ,"[{'alias': 'videofilmproductions', 'title': 'Video/Film Production'}, {'alias': 'videographers', 'title': 'Videographers'}]",40.7294388,-73.8748016
Stylish Ev Productions,"['1052 Longfellow Ave', 'Bronx, NY 10459']",Bronx,5.0,1,"{'latitude': 40.82477, 'longitude': -73.88759}",,8lIRB2wXDGKGTzloFOO2tw,"[{'alias': 'videofilmproductions', 'title': 'Video/Film Production'}, {'alias': 'photographers', 'title': 'Photographers'}, {'alias': 'videographers', 'title': 'Videographers'}]",40.82477,-73.88759
Tom Ragan Films,"['Brooklyn, NY 11215']",Brooklyn,5.0,2,"{'latitude': 40.66889, 'longitude': -73.9819}",,U_QjqITHmmrJ8Gc8moWqag,"[{'alias': 'videofilmproductions', 'title': 'Video/Film Production'}, {'alias': 'videographers', 'title': 'Videographers'}]",40.66889,-73.9819
Transcendent Enterprise,"['121 West 27 St', 'Ste 1003c', 'New York, NY 10010']",New York,5.0,7,"{'latitude': 40.7460684, 'longitude': -73.9919615}",,ugIrHjsK0vjhC6PGxyWlJA,"[{'alias': 'videofilmproductions', 'title': 'Video/Film Production'}, {'alias': 'marketing', 'title': 'Marketing'}, {'alias': 'photographystores', 'title': 'Photography Stores & Services'}]",40.7460684,-73.9919615
Tough Guppy Productions,"['119 West 72nd St', 'Ste 224', 'New York, NY 10023']",New York,4.0,1,"{'latitude': 40.7779554, 'longitude': -73.9793544}",,NKE_zvuc9DQn3tZ3rJMgRA,"[{'alias': 'videofilmproductions', 'title': 'Video/Film Production'}, {'alias': 'web_design', 'title': 'Web Design'}, {'alias': 'graphicdesign', 'title': 'Graphic Design'}]",40.7779554,-73.9793544
Starr Street Studios,"['207-A Starr St', 'Ste 3-1', 'Brooklyn, NY 11237']",Brooklyn,5.0,8,"{'latitude': 40.705122, 'longitude': -73.923457}",,rXjhzma0XIrxJEFt7q0tIg,"[{'alias': 'videofilmproductions', 'title': 'Video/Film Production'}, {'alias': 'photographystores', 'title': 'Photography Stores & Services'}]",40.705122,-73.923457
Light and Shadow Filmmaking Workshops,"['632 Broadway', 'Ste 304', 'New York City, NY 10012']",New York City,4.5,12,"{'latitude': 40.72617, 'longitude': -73.99598}",,P1NxQi-BZCqMGKDyX3FKdw,"[{'alias': 'videofilmproductions', 'title': 'Video/Film Production'}]",40.72617,-73.99598
Brain Fry Productions,"['2853 Steinway St', '2F', 'Astoria, NY 11103']",Astoria,5.0,2,"{'latitude': 40.630508, 'longitude': -74.028456}",,JT011x4Cb8CEQknaMUvuDQ,"[{'alias': 'videofilmproductions', 'title': 'Video/Film Production'}, {'alias': 'videographers', 'title': 'Videographers'}]",40.630508,-74.028456
Jersey Filmmaker,"['Jersey City, NJ 07302']",Jersey City,5.0,1,"{'latitude': 40.7218017578125, 'longitude': -74.0449295043945}",,WUGZNkVYpdOBK_aq2_Lr3Q,"[{'alias': 'videofilmproductions', 'title': 'Video/Film Production'}]",40.7218017578125,-74.0449295043945
Cage Free Productions,"['15 Hawthorne St', 'Ste 3B', 'Brooklyn, NY 11225']",Brooklyn,5.0,1,"{'latitude': 40.657474, 'longitude': -73.959732}",,VAoLtZarOAvciEVM0vof4g,"[{'alias': 'movietheaters', 'title': 'Cinema'}, {'alias': 'videofilmproductions', 'title': 'Video/Film Production'}]",40.657474,-73.959732
New York Printing Solutions,"['252 W 38th St', 'Fl 6', 'New York, NY 10018']",New York,5.0,16,"{'latitude': 40.7541168, 'longitude': -73.9906885}",,im2QSeKsmUGXbaGOXPjmhw,"[{'alias': 'copyshops', 'title': 'Printing Services'}, {'alias': 'graphicdesign', 'title': 'Graphic Design'}, {'alias': 'signmaking', 'title': 'Signmaking'}]",40.7541168,-73.9906885
The Edit Center,"['168 7th St', 'Ste 314', 'Brooklyn, NY 11215']",Brooklyn,5.0,6,"{'latitude': 40.6728208, 'longitude': -73.9909742}",,xquyOYn9lYFTsfkMfevwMA,"[{'alias': 'specialtyschools', 'title': 'Specialty Schools'}, {'alias': 'videofilmproductions', 'title': 'Video/Film Production'}]",40.6728208,-73.9909742
MediaStorm,"['20 Jay St', 'Ste 528', 'Brooklyn, NY 11201']",Brooklyn,4.0,1,"{'latitude': 40.7040999, 'longitude': -73.9867}",,F32Bzj0ivroS181-_WVIlw,"[{'alias': 'videofilmproductions', 'title': 'Video/Film Production'}]",40.7040999,-73.9867
Central Casting New York,"['5 Penn Plaza', 'Fl 10', 'New York, NY 10001']",New York,3.5,23,"{'latitude': 40.751883, 'longitude': -73.994086}",,J0WfbffahJszN1_Xvl3K2g,"[{'alias': 'videofilmproductions', 'title': 'Video/Film Production'}]",40.751883,-73.994086
New York Video Service,"['New York, NY 10034']",New York,5.0,4,"{'latitude': 40.8708152770996, 'longitude': -73.9230728149414}",,AEJwos4RDcK-jIRK0jRVNg,"[{'alias': 'videofilmproductions', 'title': 'Video/Film Production'}]",40.8708152770996,-73.9230728149414
Eastern Effects,"['99 9th St', 'Brooklyn, NY 11215']",Brooklyn,4.5,3,"{'latitude': 40.6734029529525, 'longitude': -73.9946415645175}",,GX0wthFRNbsBxzBFQEf-Xg,"[{'alias': 'videofilmproductions', 'title': 'Video/Film Production'}, {'alias': 'lighting', 'title': 'Lighting Fixtures & Equipment'}]",40.6734029529525,-73.9946415645175
DCTV,"['87 Lafayette St', 'New York, NY 10013']",New York,3.0,5,"{'latitude': 40.717311, 'longitude': -74.001144}",,AyFUPADsWNNOIBzdUNwyAA,"[{'alias': 'adultedu', 'title': 'Adult Education'}, {'alias': 'videofilmproductions', 'title': 'Video/Film Production'}, {'alias': 'venues', 'title': 'Venues & Event Spaces'}]",40.717311,-74.001144
Necessary Studios,"['25-19 Borden Ave', 'Ste 204', 'Long Island City, NY 11101']",Long Island City,5.0,3,"{'latitude': 40.73974, 'longitude': -73.9444199}",,46wqjKAJRcBhjIUPkGbDwQ,"[{'alias': 'videofilmproductions', 'title': 'Video/Film Production'}, {'alias': 'musicproduction', 'title': 'Music Production Services'}, {'alias': 'sessionphotography', 'title': 'Session Photography'}]",40.73974,-73.9444199
Steve Palmer Films,"['New York, NY 11215']",New York,5.0,1,"{'latitude': 40.66874, 'longitude': -73.98181}",,pX9pfTNz_0i3Se57HKsO2w,"[{'alias': 'videofilmproductions', 'title': 'Video/Film Production'}, {'alias': 'videographers', 'title': 'Videographers'}]",40.66874,-73.98181
Andrew Towe Creative,"['New York, NY 10001']",New York,5.0,2,"{'latitude': 40.75095, 'longitude': -73.99811}",,TDSMBkI_eqaw9LbQK9EvPw,"[{'alias': 'videographers', 'title': 'Videographers'}, {'alias': 'eventphotography', 'title': 'Event Photography'}, {'alias': 'videofilmproductions', 'title': 'Video/Film Production'}]",40.75095,-73.99811
Music Works NYC,"['215 W 91st St', 'New York, NY 10024']",New York,5.0,1,"{'latitude': 40.79127, 'longitude': -73.9734}",,o6TfHzQ0LslFYwbTo_iihw,"[{'alias': 'recording_studios', 'title': 'Recording & Rehearsal Studios'}, {'alias': 'videofilmproductions', 'title': 'Video/Film Production'}, {'alias': 'musicproduction', 'title': 'Music Production Services'}]",40.79127,-73.9734
Simba Productions,"['115 W 29th St', 'Ste 605', 'New York, NY 10001']",New York,5.0,1,"{'latitude': 40.74708, 'longitude': -73.99081}",,iKCOgCMcKwjS27GrU383Xw,"[{'alias': 'videofilmproductions', 'title': 'Video/Film Production'}, {'alias': 'videographers', 'title': 'Videographers'}]",40.74708,-73.99081
Afterimaging,"['Brooklyn, NY 11216']",Brooklyn,4.0,1,"{'latitude': 40.67918, 'longitude': -73.94932}",,HUZg9hmvn1T91GMHb-WoiA,"[{'alias': 'videofilmproductions', 'title': 'Video/Film Production'}]",40.67918,-73.94932
Le JIT Productions,"['544 Park Ave', 'Brooklyn, NY 11205']",Brooklyn,5.0,1,"{'latitude': 40.696704, 'longitude': -73.95333}",,lnCITr1_Cu4XIudZDHkzJw,"[{'alias': 'videofilmproductions', 'title': 'Video/Film Production'}, {'alias': 'marketing', 'title': 'Marketing'}, {'alias': 'sessionphotography', 'title': 'Session Photography'}]",40.696704,-73.95333
Drama Life Films,"['New York, NY 10016']",New York,5.0,3,"{'latitude': 40.7454071044922, 'longitude': -73.9792938232422}",,_n5C96uhLqVbo65BO450jg,"[{'alias': 'videographers', 'title': 'Videographers'}]",40.7454071044922,-73.9792938232422
Broadway Stages,"['359 Kingsland Ave', 'Greenpoint, NY 11222']",Greenpoint,4.0,1,"{'latitude': 40.7289565103425, 'longitude': -73.9424950629473}",,dzsJhPM7946ymnTr7v_XOQ,"[{'alias': 'videofilmproductions', 'title': 'Video/Film Production'}, {'alias': 'theater', 'title': 'Performing Arts'}]",40.7289565103425,-73.9424950629473
Chromavision,"['49 W 27th St', 'Ste 900', 'New York, NY 10001']",New York,3.5,3,"{'latitude': 40.745328, 'longitude': -73.9902255}",,Bz-TZRGiMi-S5-S2GzvLgA,"[{'alias': 'videofilmproductions', 'title': 'Video/Film Production'}]",40.745328,-73.9902255
Good Brother,"['68 Jay St', 'Ste 515', 'Brooklyn, NY 11201']",Brooklyn,5.0,1,"{'latitude': 40.7027612, 'longitude': -73.9867783}",,sKGW1sLUMFWi2Qw6IlSsAA,"[{'alias': 'videofilmproductions', 'title': 'Video/Film Production'}, {'alias': 'advertising', 'title': 'Advertising'}]",40.7027612,-73.9867783
Women Make Movies,"['115 W 29th St', 'Ste 1200', 'New York, NY 10001']",New York,5.0,1,"{'latitude': 40.7472, 'longitude': -73.99084}",,Cn_6m0bBIJaXqkq9mTpC0g,"[{'alias': 'nonprofit', 'title': 'Community Service/Non-Profit'}, {'alias': 'videofilmproductions', 'title': 'Video/Film Production'}]",40.7472,-73.99084
Muve Media,"['36 Waverly Ave', 'Brooklyn, NY 11205']",Brooklyn,5.0,1,"{'latitude': 40.696788, 'longitude': -73.968833}",,6MRNz6_w9pZA6CwCBedRIQ,"[{'alias': 'recording_studios', 'title': 'Recording & Rehearsal Studios'}, {'alias': 'sessionphotography', 'title': 'Session Photography'}, {'alias': 'videofilmproductions', 'title': 'Video/Film Production'}]",40.696788,-73.968833
Giorgio Arcelli Fontana,"['New York, NY 10024']",New York,5.0,1,"{'latitude': 40.7867431640625, 'longitude': -73.97494506835938}",,fUmt_BPFaoS3JIj60ng0aA,"[{'alias': 'videographers', 'title': 'Videographers'}, {'alias': 'videofilmproductions', 'title': 'Video/Film Production'}]",40.7867431640625,-73.97494506835938
AbelCine,"['Industry City', '88 35th St, Fl 4', 'Brooklyn, NY 11232']",Brooklyn,3.5,9,"{'latitude': 40.6564111, 'longitude': -74.0067047}",4.0,2Ev_4sjG46eHWSZC9_BasA,"[{'alias': 'videofilmproductions', 'title': 'Video/Film Production'}, {'alias': 'photographystores', 'title': 'Photography Stores & Services'}, {'alias': 'hifi', 'title': 'High Fidelity Audio Equipment'}]",40.6564111,-74.0067047
Manhattan Neighborhood Network,"['537 W 59th St', 'New York, NY 10019']",New York,4.5,13,"{'latitude': 40.7713203430176, 'longitude': -73.9891662597656}",,97Qy8iSVpLCsfM-0llaJMw,"[{'alias': 'specialtyschools', 'title': 'Specialty Schools'}, {'alias': 'adultedu', 'title': 'Adult Education'}, {'alias': 'videofilmproductions', 'title': 'Video/Film Production'}]",40.7713203430176,-73.9891662597656
World Cinema Partners,"['204-04 Hillside Ave', 'Queens, NY 11423']",Queens,5.0,1,"{'latitude': 40.7202215, 'longitude': -73.7608172}",,hr-dzxYU5nD2wsZqzOBNUg,"[{'alias': 'videofilmproductions', 'title': 'Video/Film Production'}]",40.7202215,-73.7608172
Mida's Cave,"['424 W 49th St', 'New York, NY 10019']",New York,5.0,1,"{'latitude': 40.76315, 'longitude': -73.99068}",,VOTzoGTQ6-04l_FVS3SLRQ,"[{'alias': 'videofilmproductions', 'title': 'Video/Film Production'}, {'alias': 'sessionphotography', 'title': 'Session Photography'}, {'alias': 'eventphotography', 'title': 'Event Photography'}]",40.76315,-73.99068
Herculean,"['Brooklyn, NY 11201']",Brooklyn,5.0,2,"{'latitude': 40.6989049533054, 'longitude': -73.9901041883911}",,_-I7QsmfEDnUpplXPQt7RA,"[{'alias': 'advertising', 'title': 'Advertising'}, {'alias': 'web_design', 'title': 'Web Design'}, {'alias': 'marketing', 'title': 'Marketing'}]",40.6989049533054,-73.9901041883911
Smitten Chickens,"['2134 2nd Ave', 'Manhattan, NY 10029']",Manhattan,5.0,14,"{'latitude': 40.7930517, 'longitude': -73.9406454}",,1aZmjEQA5MSjoKHAqXGp5g,"[{'alias': 'videofilmproductions', 'title': 'Video/Film Production'}, {'alias': 'eventphotography', 'title': 'Event Photography'}, {'alias': 'sessionphotography', 'title': 'Session Photography'}]",40.7930517,-73.9406454
Lytehouse Studio,"['356 Devoe St', 'Brooklyn, NY 11211']",Brooklyn,5.0,1,"{'latitude': 40.71368, 'longitude': -73.9359377}",,GBoDcz2czrFZWB0Mik8DXA,"[{'alias': 'venues', 'title': 'Venues & Event Spaces'}, {'alias': 'videofilmproductions', 'title': 'Video/Film Production'}, {'alias': 'artspacerentals', 'title': 'Art Space Rentals'}]",40.71368,-73.9359377
UT CINEMA  Film Production,"['7600 Shore Front Pkwy', 'Arverne, NY 11692']",Arverne,5.0,5,"{'latitude': 40.587629, 'longitude': -73.80298}",,Dr8gGZo8Fzcv52Fkc9HxEA,"[{'alias': 'videographers', 'title': 'Videographers'}, {'alias': 'photographers', 'title': 'Photographers'}]",40.587629,-73.80298
Guggenheim Productions,"['250 W 54th St', 'Ste 405', 'New York, NY 10019']",New York,5.0,1,"{'latitude': 40.7644043, 'longitude': -73.9837112}",,FIZA8ZXQyCnldEq4FebY0g,"[{'alias': 'videofilmproductions', 'title': 'Video/Film Production'}]",40.7644043,-73.9837112
Transfer City USA,"['77 Lincoln Ave', 'Staten Island, NY 10306']",Staten Island,5.0,4,"{'latitude': 40.580222, 'longitude': -74.109705}",2.0,s2jNO0Zz1NUNTct02ZntrA,"[{'alias': 'photographystores', 'title': 'Photography Stores & Services'}, {'alias': 'videofilmproductions', 'title': 'Video/Film Production'}, {'alias': 'datarecovery', 'title': 'Data Recovery'}]",40.580222,-74.109705
Contra Studios,"['122 W 26th St', 'New York, NY 10001']",New York,5.0,2,"{'latitude': 40.744998, 'longitude': -73.992588}",,nKKA-aEFbnHbfc_lTl1iyw,"[{'alias': 'videofilmproductions', 'title': 'Video/Film Production'}, {'alias': 'sessionphotography', 'title': 'Session Photography'}, {'alias': 'venues', 'title': 'Venues & Event Spaces'}]",40.744998,-73.992588
Apostrophe Three,"['115 E 23rd St', 'New York, NY 10010']",New York,5.0,2,"{'latitude': 40.7400208, 'longitude': -73.985527}",,qNw_YR0Mynt-7Ekl4B1SoQ,"[{'alias': 'videofilmproductions', 'title': 'Video/Film Production'}]",40.7400208,-73.985527
Gowanus Loft,"['61 9th St', 'Loft C8', 'Brooklyn, NY 11215']",Brooklyn,3.0,2,"{'latitude': 40.6737765661381, 'longitude': -73.9956182037049}",,Swu_nC8RonnjYvsPtKkjuQ,"[{'alias': 'theater', 'title': 'Performing Arts'}, {'alias': 'videofilmproductions', 'title': 'Video/Film Production'}, {'alias': 'galleries', 'title': 'Art Galleries'}]",40.6737765661381,-73.9956182037049
DuArt,"['245 W 55th St', 'New York, NY 10019']",New York,4.0,2,"{'latitude': 40.765316, 'longitude': -73.982986}",,i9tGqueiollrAOd5aa9pSw,"[{'alias': 'videofilmproductions', 'title': 'Video/Film Production'}]",40.765316,-73.982986
Video Data Services,"['406 Chestnut St', 'Union, NJ 07083']",Union,5.0,13,"{'latitude': 40.68066, 'longitude': -74.26877}",,I9n-Ey8LK6Zc6m8beyviCA,"[{'alias': 'videofilmproductions', 'title': 'Video/Film Production'}]",40.68066,-74.26877
Professional Sound Services,"['311 W 43rd St', 'Ste 1100', 'Manhattan, NY 10036']",Manhattan,1.0,1,"{'latitude': 40.7584496, 'longitude': -73.9899826}",,kNolL6khB1nhB6iGw6gXTg,"[{'alias': 'electronics', 'title': 'Electronics'}, {'alias': 'videofilmproductions', 'title': 'Video/Film Production'}]",40.7584496,-73.9899826
"Gotham Sound & Communications, Inc","['35-10 36th Ave', 'Second Fl', 'Long Island City, NY 11106']",Long Island City,4.0,4,"{'latitude': 40.7548453, 'longitude': -73.9264109}",,erdqr8grVdFtNKEEHOH_bQ,"[{'alias': 'electronics', 'title': 'Electronics'}, {'alias': 'videofilmproductions', 'title': 'Video/Film Production'}]",40.7548453,-73.9264109
Windmill Studios,"['300 Kingsland Ave', 'Brooklyn, NY 11222']",Brooklyn,5.0,1,"{'latitude': 40.72689, 'longitude': -73.94155}",,DAd3yv1L-jhTSSGfMzYglg,"[{'alias': 'artspacerentals', 'title': 'Art Space Rentals'}, {'alias': 'videofilmproductions', 'title': 'Video/Film Production'}]",40.72689,-73.94155
Acerbic Film and Entertainment,"['641 Lexington Ave', 'Manhattan, NY 10022']",Manhattan,2.5,5,"{'latitude': 40.7331163, 'longitude': -73.9913067}",,M2FRFbHRvU-QKBLN6ABE0w,"[{'alias': 'videofilmproductions', 'title': 'Video/Film Production'}, {'alias': 'photoboothrentals', 'title': 'Photo Booth Rentals'}]",40.7331163,-73.9913067
Classic Conversions,"['33 Yahara Ave', 'Rutherford, NJ 07070']",Rutherford,5.0,4,"{'latitude': 40.841141, 'longitude': -74.116282}",,4X6PYmveA86JOI1aDEHgbw,"[{'alias': 'videofilmproductions', 'title': 'Video/Film Production'}]",40.841141,-74.116282
Chris Fig Productions,"['610 W 42nd St', 'Ste 31E', 'New York, NY 10036']",New York,5.0,4,"{'latitude': 40.76097, 'longitude': -73.99906}",,cjPZRPIzCl3t3KXgDDxHag,"[{'alias': 'videographers', 'title': 'Videographers'}, {'alias': 'videofilmproductions', 'title': 'Video/Film Production'}]",40.76097,-73.99906
Freedom Film,"['444 Gregory Rd', 'Paramus, NJ 07652']",Paramus,5.0,11,"{'latitude': 40.9448021263531, 'longitude': -74.0746893391479}",,yUetxaXoy3dG8RXvDFRJug,"[{'alias': 'videographers', 'title': 'Videographers'}, {'alias': 'videofilmproductions', 'title': 'Video/Film Production'}, {'alias': 'eventphotography', 'title': 'Event Photography'}]",40.9448021263531,-74.0746893391479
Yellow Hook Productions,"['Brooklyn, NY 11220']",Brooklyn,5.0,6,"{'latitude': 40.64045, 'longitude': -74.0176}",,FBZnAXnqRmxGKROCzfefsw,"[{'alias': 'videographers', 'title': 'Videographers'}]",40.64045,-74.0176
Adiuvo Productions,"['95 Horatio St', 'New York, NY 10014']",New York,1.0,2,"{'latitude': 40.7984185256138, 'longitude': -73.961374341663}",,tX-kGQ_NzaUtRRpAKUOwtg,"[{'alias': 'videofilmproductions', 'title': 'Video/Film Production'}]",40.7984185256138,-73.961374341663
FOU Studios,"['3702 Astoria Blvd', 'Ste 303', 'Astoria, NY 11103']",Astoria,5.0,4,"{'latitude': 40.7690407153992, 'longitude': -73.9128690859833}",,70uAVhBbqyrEJXqfesZ1Og,"[{'alias': 'theater', 'title': 'Performing Arts'}, {'alias': 'educationservices', 'title': 'Educational Services'}, {'alias': 'videofilmproductions', 'title': 'Video/Film Production'}]",40.7690407153992,-73.9128690859833
Bond Street Studio,"['235 Bond St', 'Brooklyn, NY 11217']",Brooklyn,5.0,4,"{'latitude': 40.682204, 'longitude': -73.987889}",,3paYBSoVwPYjSgzQJiGV9g,"[{'alias': 'videofilmproductions', 'title': 'Video/Film Production'}, {'alias': 'photoboothrentals', 'title': 'Photo Booth Rentals'}, {'alias': 'sessionphotography', 'title': 'Session Photography'}]",40.682204,-73.987889
Gotham Films,"['1101 W Edgar Rd', 'Hangar 500', 'Linden, NJ 07036']",Linden,5.0,1,"{'latitude': 40.6141, 'longitude': -74.244516}",,Q06BYN9-R2TfHzLw38a5sA,"[{'alias': 'videofilmproductions', 'title': 'Video/Film Production'}]",40.6141,-74.244516
J&D Laboratories,"['Staten Island, NY 10312']",Staten Island,4.5,10,"{'latitude': 40.5464630126953, 'longitude': -74.1811981201172}",,9Q0bt1E5w93Mjx2FErJLQQ,"[{'alias': 'videofilmproductions', 'title': 'Video/Film Production'}, {'alias': 'editorialservices', 'title': 'Editorial Services'}, {'alias': 'digitizingservices', 'title': 'Digitizing Services'}]",40.5464630126953,-74.1811981201172
New York Wedding Films,"['447 Broadway', 'Fl 2', 'New York, NY 10013']",New York,5.0,4,"{'latitude': 40.7206058, 'longitude': -74.0014893}",,cH1NNj-XAnWe26omf-UZfg,"[{'alias': 'videographers', 'title': 'Videographers'}, {'alias': 'videofilmproductions', 'title': 'Video/Film Production'}]",40.7206058,-74.0014893
Cameron Toy Recording & Production,"['353 Ten Eyck St', 'Brooklyn, NY 11206']",Brooklyn,5.0,3,"{'latitude': 40.711827725172, 'longitude': -73.9354415237904}",,svq3PWL3439bhCc5gci1gg,"[{'alias': 'musicproduction', 'title': 'Music Production Services'}]",40.711827725172,-73.9354415237904
MassiveMedia,"['34 W 27th St', 'Fl 6', 'New York, NY 10001']",New York,5.0,3,"{'latitude': 40.7448597, 'longitude': -73.9901162}",,l1-TIz89K9HFqR0DcH-uSA,"[{'alias': 'marketing', 'title': 'Marketing'}, {'alias': 'advertising', 'title': 'Advertising'}, {'alias': 'publicrelations', 'title': 'Public Relations'}]",40.7448597,-73.9901162
Showreels NYC,"['1412 Broadway St', 'New York, NY 10024']",New York,5.0,13,"{'latitude': 40.75373, 'longitude': -73.98685}",,2_sM65iFPpQ0QEWl8KizgA,"[{'alias': 'videofilmproductions', 'title': 'Video/Film Production'}, {'alias': 'videographers', 'title': 'Videographers'}, {'alias': 'sessionphotography', 'title': 'Session Photography'}]",40.75373,-73.98685
Suburbanite Productions,"['10 Five Acre Dr', 'Edison, NJ 08820']",Edison,5.0,1,"{'latitude': 40.594634, 'longitude': -74.381367}",,GhOPop8rLR8LIdDg3RyyJA,"[{'alias': 'videofilmproductions', 'title': 'Video/Film Production'}]",40.594634,-74.381367
Production Central,"['873 Broadway', 'Ste 205', 'New York, NY 10003']",New York,4.5,5,"{'latitude': 40.738155, 'longitude': -73.990417}",,JdeJZMPJXiYM2oJWjPKwMQ,"[{'alias': 'videofilmproductions', 'title': 'Video/Film Production'}, {'alias': 'videographers', 'title': 'Videographers'}]",40.738155,-73.990417
Schnitzel Studios,"['Ridgewood, NY 11385']",Ridgewood,5.0,1,"{'latitude': 40.700740814209, 'longitude': -73.8950881958008}",,CzPQI6qVTnBVp-nuhtIc2Q,"[{'alias': 'videofilmproductions', 'title': 'Video/Film Production'}, {'alias': 'sessionphotography', 'title': 'Session Photography'}, {'alias': 'eventphotography', 'title': 'Event Photography'}]",40.700740814209,-73.8950881958008
Michael King - Wedding Photographer by ARTLOOK,"['260 65th St', 'Brooklyn, NY 10019']",Brooklyn,5.0,14,"{'latitude': 40.639374, 'longitude': -74.024275}",,D0QinL9knUBm4Fs8FcwCcA,"[{'alias': 'videographers', 'title': 'Videographers'}, {'alias': 'eventphotography', 'title': 'Event Photography'}]",40.639374,-74.024275
Creative Capsule Films,"['641 Lexington Ave', 'Fl 15', 'New York, NY 10022']",New York,5.0,1,"{'latitude': 40.7589, 'longitude': -73.96976}",,NjzF_KX_1bKU-EKKmuFXCg,"[{'alias': 'videofilmproductions', 'title': 'Video/Film Production'}, {'alias': 'advertising', 'title': 'Advertising'}, {'alias': 'videographers', 'title': 'Videographers'}]",40.7589,-73.96976
SineMax Films,"['New York, NY 10001']",New York,5.0,5,"{'latitude': 40.7492790222168, 'longitude': -73.9925918579102}",,_DBA0qFV8jlGilwpmsQJYA,"[{'alias': 'videographers', 'title': 'Videographers'}]",40.7492790222168,-73.9925918579102
360 Sound & Vision,"['330 7th Ave', 'New York, NY 10001']",New York,1.0,1,"{'latitude': 40.7477397, 'longitude': -73.9933739}",,phBGfDXgCvmZAtSYvo6A4Q,"[{'alias': 'videofilmproductions', 'title': 'Video/Film Production'}]",40.7477397,-73.9933739
Bret Josephs Photography & Videography,"['30 E End Ave', 'Ste 5D', 'New York, NY 10028']",New York,4.5,29,"{'latitude': 40.77162, 'longitude': -73.94743}",,TpRUESgVkc7GEtqlD5X8yA,"[{'alias': 'videographers', 'title': 'Videographers'}, {'alias': 'photographers', 'title': 'Photographers'}]",40.77162,-73.94743
Dreams Animation,"['32-72 Steinway St', 'Ste 2L', 'Astoria, NY 11103']",Astoria,4.5,11,"{'latitude': 40.7572887, 'longitude': -73.9205807}",,IzOUkJV7lWLfHC5W312DgQ,"[{'alias': 'web_design', 'title': 'Web Design'}, {'alias': 'graphicdesign', 'title': 'Graphic Design'}, {'alias': 'marketing', 'title': 'Marketing'}]",40.7572887,-73.9205807
Brooklyn Wedding Videography,"['455 Pulaski St', 'Brooklyn, NY 11221']",Brooklyn,5.0,5,"{'latitude': 40.694338, 'longitude': -73.9321226}",,D84mzLQMDkSA93VeJLUhKw,"[{'alias': 'videographers', 'title': 'Videographers'}]",40.694338,-73.9321226
Colorwerx,"['47-00 Northern Blvd', 'Long Island City, NY 11101']",Long Island City,4.5,12,"{'latitude': 40.7532988, 'longitude': -73.915655}",,D5l7pGZzSogF3PgTgfz72Q,"[{'alias': 'screen_printing_tshirt_printing', 'title': 'Screen Printing/T-Shirt Printing'}, {'alias': 'web_design', 'title': 'Web Design'}, {'alias': 'advertising', 'title': 'Advertising'}]",40.7532988,-73.915655
Chemistry Creative,"['305 Ten Eyck St', 'Brooklyn, NY 11206']",Brooklyn,5.0,2,"{'latitude': 40.71166, 'longitude': -73.93671}",,E3eoQWgiQyDi4yV6dfS8FA,"[{'alias': 'videofilmproductions', 'title': 'Video/Film Production'}, {'alias': 'photographers', 'title': 'Photographers'}, {'alias': 'artspacerentals', 'title': 'Art Space Rentals'}]",40.71166,-73.93671
James Jeon Films,"['Edison, NJ 08817']",Edison,5.0,7,"{'latitude': 40.5054763, 'longitude': -74.3939339}",,3AZiWvcZYPPgLtesJKrKzQ,"[{'alias': 'videofilmproductions', 'title': 'Video/Film Production'}]",40.5054763,-74.3939339
Kelly's Creative,"['105 Chestnut St', 'Cranford, NJ 07016']",Cranford,5.0,1,"{'latitude': 40.654169, 'longitude': -74.301901}",,bqjY3wuxBXOyIjTgSnXm_Q,"[{'alias': 'musicproduction', 'title': 'Music Production Services'}, {'alias': 'videofilmproductions', 'title': 'Video/Film Production'}]",40.654169,-74.301901
Mint Wedding Cinematography,"['1404 Pacific St', 'Brooklyn, NY 11216']",Brooklyn,5.0,13,"{'latitude': 40.67707, 'longitude': -73.943771}",,kB_O_z9699rX6bd3gS6KZg,"[{'alias': 'videographers', 'title': 'Videographers'}, {'alias': 'photographers', 'title': 'Photographers'}]",40.67707,-73.943771
Joseph Edwards Films,"['116 W 23rd St', 'Fl 5', 'New York, NY 10011']",New York,5.0,5,"{'latitude': 40.7430694, 'longitude': -73.9935768}",,zBZZk50UxemzRWjaGtUqrQ,"[{'alias': 'videographers', 'title': 'Videographers'}]",40.7430694,-73.9935768
Absolute Motion Video Production,"['Mahopac, NY 10541']",Mahopac,5.0,4,"{'latitude': 41.3734855651855, 'longitude': -73.7295608520508}",,FsQ0wUL183XvrzZtaxrQpg,"[{'alias': 'videofilmproductions', 'title': 'Video/Film Production'}, {'alias': 'marketing', 'title': 'Marketing'}, {'alias': 'videographers', 'title': 'Videographers'}]",41.3734855651855,-73.7295608520508
Angela Cappetta Photography,"['New York, NY 10003']",New York,5.0,21,"{'latitude': 40.732, 'longitude': -73.98884}",,G-gCkPQsnAtgRTTGyf_ugA,"[{'alias': 'eventphotography', 'title': 'Event Photography'}, {'alias': 'sessionphotography', 'title': 'Session Photography'}, {'alias': 'videographers', 'title': 'Videographers'}]",40.732,-73.98884
Long Island Models & Talent,"['780 Long Beach Blvd', 'Long Beach, NY 11561']",Long Beach,5.0,8,"{'latitude': 40.5934073, 'longitude': -73.6563343}",,6dQWVKpwo8eKgfgde4Eg2g,"[{'alias': 'talentagencies', 'title': 'Talent Agencies'}, {'alias': 'advertising', 'title': 'Advertising'}, {'alias': 'videofilmproductions', 'title': 'Video/Film Production'}]",40.5934073,-73.6563343
Shooting Stars Pro,"['374 S 2nd St', 'Ste 7', 'Brooklyn, NY 11211']",Brooklyn,5.0,15,"{'latitude': 40.7098016203158, 'longitude': -73.9527393650513}",,i2Lerj3WNSPUHI13w3ZuBw,"[{'alias': 'sessionphotography', 'title': 'Session Photography'}, {'alias': 'eventphotography', 'title': 'Event Photography'}, {'alias': 'videographers', 'title': 'Videographers'}]",40.7098016203158,-73.9527393650513
Lush Life Film,"['4 Peter Cooper Rd', 'Apt Ma', 'New York, NY 10010']",New York,5.0,3,"{'latitude': 40.734795, 'longitude': -73.9768509}",,vLn3pzyD1ZqqacGlkBIBbg,"[{'alias': 'videographers', 'title': 'Videographers'}, {'alias': 'photographers', 'title': 'Photographers'}]",40.734795,-73.9768509
Advantage Marketing Company,"['480 Bay St', 'Staten Island, NY 10304']",Staten Island,5.0,2,"{'latitude': 40.63035, 'longitude': -74.07684}",,ptTFdbeA892Zo96PillnlA,"[{'alias': 'marketing', 'title': 'Marketing'}]",40.63035,-74.07684
Zen Love Photography,"['Forest Hills', 'Queens, NY 11375']",Queens,5.0,6,"{'latitude': 40.7196350097656, 'longitude': -73.8424377441406}",,rT9DQIMiWi26ikUknbcpiw,"[{'alias': 'eventphotography', 'title': 'Event Photography'}, {'alias': 'sessionphotography', 'title': 'Session Photography'}, {'alias': 'estatephotography', 'title': 'Real Estate Photography'}]",40.7196350097656,-73.8424377441406
Juhl Media,"['New York, NY 10027']",New York,5.0,1,"{'latitude': 40.8125, 'longitude': -73.95267}",,nd6PSOKVr1P6xP8NgS4cbQ,"[{'alias': 'videographers', 'title': 'Videographers'}, {'alias': 'eventphotography', 'title': 'Event Photography'}, {'alias': 'videofilmproductions', 'title': 'Video/Film Production'}]",40.8125,-73.95267
Florence Montmare,"['100 W 83rd St', 'Manhattan, NY 10024']",Manhattan,5.0,6,"{'latitude': 40.7845532, 'longitude': -73.9736775}",,Ym_x8fbmT3epCQICOAJi8A,"[{'alias': 'videographers', 'title': 'Videographers'}, {'alias': 'sessionphotography', 'title': 'Session Photography'}, {'alias': 'eventphotography', 'title': 'Event Photography'}]",40.7845532,-73.9736775
Jordi Rubio,"['New York, NY 10031']",New York,5.0,1,"{'latitude': 40.824878692627, 'longitude': -73.9500885009766}",,Y29KnOPnLsx4RlpJlKYR6A,"[{'alias': 'sessionphotography', 'title': 'Session Photography'}, {'alias': 'videofilmproductions', 'title': 'Video/Film Production'}, {'alias': 'graphicdesign', 'title': 'Graphic Design'}]",40.824878692627,-73.9500885009766
GT Modern Creations,"['Brooklyn, NY 11237']",Brooklyn,5.0,2,"{'latitude': 40.7043156, 'longitude': -73.9212858}",,_QlPw2nCxbkNhnWZpUzVag,"[{'alias': 'videographers', 'title': 'Videographers'}, {'alias': 'videofilmproductions', 'title': 'Video/Film Production'}]",40.7043156,-73.9212858
Johan Ospina Photography™,"['1332 3rd Ave', 'New York, NY 10075']",New York,5.0,2,"{'latitude': 40.77257, 'longitude': -73.95877}",,ufH1Bzmrg7A_h7EzGVYZyA,"[{'alias': 'videofilmproductions', 'title': 'Video/Film Production'}, {'alias': 'videographers', 'title': 'Videographers'}, {'alias': 'sessionphotography', 'title': 'Session Photography'}]",40.77257,-73.95877
Stizzi Web Print & Graphics,"['371 Etna St', 'Brooklyn, NY 11208']",Brooklyn,4.5,3,"{'latitude': 40.687969, 'longitude': -73.869995}",,dBjscU51YOAHH5wex17ewQ,"[{'alias': 'web_design', 'title': 'Web Design'}, {'alias': 'copyshops', 'title': 'Printing Services'}, {'alias': 'graphicdesign', 'title': 'Graphic Design'}]",40.687969,-73.869995
Magno Sound & Video,"['15 E 32nd St', '10 Floor', 'New York, NY 10016']",New York,4.0,7,"{'latitude': 40.7469112, 'longitude': -73.9843344}",,FH59GwKWYify3ua3EX-BGQ,"[{'alias': 'videofilmproductions', 'title': 'Video/Film Production'}, {'alias': 'digitizingservices', 'title': 'Digitizing Services'}]",40.7469112,-73.9843344
NST Pictures,"['25 Broadway', 'Fl 9', 'New York, NY 10004']",New York,4.5,25,"{'latitude': 40.7079624468688, 'longitude': -74.0115268017273}",,kS6vcmsHF9wUf81iQvTJuw,"[{'alias': 'videographers', 'title': 'Videographers'}, {'alias': 'wedding_planning', 'title': 'Wedding Planning'}]",40.7079624468688,-74.0115268017273
Hot Indie Media,"['269 12th St', 'Brooklyn, NY 11215']",Brooklyn,5.0,1,"{'latitude': 40.667861, 'longitude': -73.988286}",,fdJMb5xr_0ouEoLsnhKDNg,"[{'alias': 'marketing', 'title': 'Marketing'}, {'alias': 'videographers', 'title': 'Videographers'}]",40.667861,-73.988286
Magnet Media,"['12 W 27th St 12th Fl', 'Manhattan, NY 10001']",Manhattan,2.5,3,"{'latitude': 40.744495, 'longitude': -73.989365}",,odVtCeYTjUD0JBdw-wdRMQ,"[{'alias': 'videofilmproductions', 'title': 'Video/Film Production'}, {'alias': 'videographers', 'title': 'Videographers'}]",40.744495,-73.989365
Future Analog,"['240 Saint Nicholas Ave', 'Brooklyn, NY 11237']",Brooklyn,5.0,33,"{'latitude': 40.7027, 'longitude': -73.9139299}",,qpsE118UGyYWp2ZaXGEOKg,"[{'alias': 'digitizingservices', 'title': 'Digitizing Services'}]",40.7027,-73.9139299
Remsen Graphics,"['52 Court St', 'Brooklyn, NY 11201']",Brooklyn,4.5,34,"{'latitude': 40.6921980305078, 'longitude': -73.9912788312134}",,7KoZk9Qx-UfRqpVyhUyf0g,"[{'alias': 'copyshops', 'title': 'Printing Services'}, {'alias': 'graphicdesign', 'title': 'Graphic Design'}, {'alias': 'bookbinding', 'title': 'Bookbinding'}]",40.6921980305078,-73.9912788312134
Envision Video Services,"['224 Blvd', 'Hasbrouck Heights, NJ 07604']",Hasbrouck Heights,4.5,9,"{'latitude': 40.8621579820709, 'longitude': -74.0778309894409}",,lH825qSuWbV9ltiZjP-L6Q,"[{'alias': 'videofilmproductions', 'title': 'Video/Film Production'}, {'alias': 'digitizingservices', 'title': 'Digitizing Services'}]",40.8621579820709,-74.0778309894409
Butter Tree Studios,"['32 Merry Ln', 'East Hanover, NJ 07936']",East Hanover,5.0,1,"{'latitude': 40.819519, 'longitude': -74.3461838}",,0-CMw1l36RMbL2szsdlFQA,"[{'alias': 'videofilmproductions', 'title': 'Video/Film Production'}]",40.819519,-74.3461838
ILovePhotos2,"['New Rochelle, NY 10804']",New Rochelle,4.0,1,"{'latitude': 40.9492193, 'longitude': -73.7889689}",,i_xX1D3AqMxvCRRV4IYfAg,"[{'alias': 'photoboothrentals', 'title': 'Photo Booth Rentals'}, {'alias': 'sessionphotography', 'title': 'Session Photography'}, {'alias': 'videofilmproductions', 'title': 'Video/Film Production'}]",40.9492193,-73.7889689
J'adore Love Photo and Cinema,"['342 52nd St', 'New York, NY 11220']",New York,5.0,62,"{'latitude': 40.645809, 'longitude': -74.014968}",,bUTJa5Zvj8EAaOIysjKwWw,"[{'alias': 'photographers', 'title': 'Photographers'}, {'alias': 'videographers', 'title': 'Videographers'}]",40.645809,-74.014968
GSB Digital,"['01 Hunters Point Ave', 'Ste 33', 'Queens, NY 11101']",Queens,4.5,2,"{'latitude': 40.7389991, 'longitude': -73.9322163}",,tn2GHsCUyCVbVUHvlys-Fw,"[{'alias': 'copyshops', 'title': 'Printing Services'}, {'alias': 'marketing', 'title': 'Marketing'}, {'alias': 'printmedia', 'title': 'Print Media'}]",40.7389991,-73.9322163
MagnifiCo,"['315 W 36th St', 'New York, NY 10018']",New York,5.0,1,"{'latitude': 40.754084, 'longitude': -73.993496}",,sZZ8xGBM2WZAi1vd4tsU4w,"[{'alias': 'businessconsulting', 'title': 'Business Consulting'}, {'alias': 'marketing', 'title': 'Marketing'}, {'alias': 'publicrelations', 'title': 'Public Relations'}]",40.754084,-73.993496
Dvideo Digital Video Production Studio,"['2900 Westchester Ave', 'Ste 205', 'Purchase, NY 10577']",Purchase,5.0,1,"{'latitude': 41.0104596, 'longitude': -73.6980187}",,8jpBTjXpZAEl2hUaZwEnGQ,"[{'alias': 'marketing', 'title': 'Marketing'}, {'alias': 'videographers', 'title': 'Videographers'}, {'alias': 'videofilmproductions', 'title': 'Video/Film Production'}]",41.0104596,-73.6980187
Borderland Films,"['Staten Island, NY 10309']",Staten Island,5.0,2,"{'latitude': 40.54377, 'longitude': -74.21447}",,_1BV7LQLbVfMRIPIDNE3TA,"[{'alias': 'videofilmproductions', 'title': 'Video/Film Production'}, {'alias': 'advertising', 'title': 'Advertising'}, {'alias': 'videographers', 'title': 'Videographers'}]",40.54377,-74.21447
Threshold Recording Studios NYC,"['440 W 41st St', 'New York, NY 10036']",New York,5.0,10,"{'latitude': 40.758406, 'longitude': -73.994913}",,sTajR5YEJbKuhgCxhmaWYQ,"[{'alias': 'recording_studios', 'title': 'Recording & Rehearsal Studios'}, {'alias': 'musicians', 'title': 'Musicians'}, {'alias': 'musicproduction', 'title': 'Music Production Services'}]",40.758406,-73.994913
Bright Glare Pictures,"['Brooklyn, NY 11221']",Brooklyn,5.0,17,"{'latitude': 40.69235, 'longitude': -73.9261}",,zz1j-Yjpro4G7MbLM7iwpg,"[{'alias': 'videographers', 'title': 'Videographers'}, {'alias': 'eventphotography', 'title': 'Event Photography'}]",40.69235,-73.9261
Bushwick Print Lab,"['100 Grattan St', 'Brooklyn, NY 11237']",Brooklyn,4.0,14,"{'latitude': 40.70583, 'longitude': -73.92907}",,5H_OxwRxeYT_1yfd-Zz0EA,"[{'alias': 'copyshops', 'title': 'Printing Services'}, {'alias': 'screen_printing_tshirt_printing', 'title': 'Screen Printing/T-Shirt Printing'}, {'alias': 'graphicdesign', 'title': 'Graphic Design'}]",40.70583,-73.92907
Natural Expressions NY,"['475 Park Ave S', 'Fl 23', 'New York, NY 10016']",New York,5.0,10,"{'latitude': 40.74537, 'longitude': -73.9822499}",,7QY8Qu-xGG0cWkaga7Hf4w,"[{'alias': 'videographers', 'title': 'Videographers'}, {'alias': 'sessionphotography', 'title': 'Session Photography'}, {'alias': 'eventphotography', 'title': 'Event Photography'}]",40.74537,-73.9822499
MarkaWedding,"['9913 3rd Ave', 'Brooklyn, NY 11209']",Brooklyn,5.0,1,"{'latitude': 40.61388, 'longitude': -74.03502}",,Mr-vlC28EuAz2E3LFHfqcA,"[{'alias': 'videographers', 'title': 'Videographers'}]",40.61388,-74.03502
Ã¬ntrÃ¤nsÅl,"['115 W 18th St', 'New York, NY 10011']",New York,5.0,1,"{'latitude': 40.7402607, 'longitude': -73.9956224}",,evs1XXz85a6i1INJR2RxDA,"[{'alias': 'translationservices', 'title': 'Translation Services'}, {'alias': 'marketing', 'title': 'Marketing'}, {'alias': 'graphicdesign', 'title': 'Graphic Design'}]",40.7402607,-73.9956224
mimoYmima,"['1109 Prospect Ave', 'Brooklyn, NY 11218']",Brooklyn,4.5,12,"{'latitude': 40.6560973829618, 'longitude': -73.9768440730164}",,9dAUyK-6fUSkna3R1D9gvQ,"[{'alias': 'web_design', 'title': 'Web Design'}, {'alias': 'graphicdesign', 'title': 'Graphic Design'}, {'alias': 'marketing', 'title': 'Marketing'}]",40.6560973829618,-73.9768440730164
MTC Kitchen,"['711 Third Ave', 'New York, NY 10017']",New York,4.0,31,"{'latitude': 40.7524343773786, 'longitude': -73.9727604389191}",2.0,gaI1JMGhB8NBZSxIHvCznA,"[{'alias': 'wholesale_stores', 'title': 'Wholesale Stores'}, {'alias': 'kitchenandbath', 'title': 'Kitchen & Bath'}, {'alias': 'suppliesrestaurant', 'title': 'Restaurant Supplies'}]",40.7524343773786,-73.9727604389191
Art Contra Studio,"['Cranford, NJ 07107']",Cranford,1.0,1,"{'latitude': 40.760441, 'longitude': -74.188745}",,9-Jo6kltXxyd4XJuyJElGQ,"[{'alias': 'videofilmproductions', 'title': 'Video/Film Production'}, {'alias': 'videographers', 'title': 'Videographers'}, {'alias': 'eventphotography', 'title': 'Event Photography'}]",40.760441,-74.188745
Sweeter,"['New York, NY 10022']",New York,4.0,114,"{'latitude': 40.75889205932617, 'longitude': -73.96851348876953}",1.0,v18d3e-jsgO5U7rVhbdAvQ,"[{'alias': 'desserts', 'title': 'Desserts'}, {'alias': 'foodtrucks', 'title': 'Food Trucks'}, {'alias': 'marketing', 'title': 'Marketing'}]",40.75889205932617,-73.96851348876953
Blue Moon Video Productions,"['55 Madison Ave', 'Ste 400', 'Morristown, NJ 07960']",Morristown,4.0,5,"{'latitude': 40.78758, 'longitude': -74.46784}",,cLfoYkB3urynEr-CvHfioA,"[{'alias': 'videofilmproductions', 'title': 'Video/Film Production'}, {'alias': 'eventphotography', 'title': 'Event Photography'}, {'alias': 'videographers', 'title': 'Videographers'}]",40.78758,-74.46784
Vitruvian Sound NYC,"['1001 Irving Ave', 'Ste 114', 'Brooklyn, NY 11237']",Brooklyn,5.0,2,"{'latitude': 40.694671, 'longitude': -73.905351}",,MnbfxWXvWC8ER0p_cP7tkA,"[{'alias': 'musicproduction', 'title': 'Music Production Services'}, {'alias': 'recording_studios', 'title': 'Recording & Rehearsal Studios'}]",40.694671,-73.905351
Picture Perfect Media Productions,"['95 Parker St', 'Newark, NJ 07104']",Newark,1.0,1,"{'latitude': 40.755977, 'longitude': -74.179046}",,XIYaAtD9Hmm86edDPgdLXw,"[{'alias': 'videographers', 'title': 'Videographers'}, {'alias': 'eventphotography', 'title': 'Event Photography'}, {'alias': 'videofilmproductions', 'title': 'Video/Film Production'}]",40.755977,-74.179046
Fairway Printing & Design,"['115 W 30th St', 'Ste 306', 'New York, NY 10001']",New York,4.5,46,"{'latitude': 40.74773, 'longitude': -73.99041}",,wMkR1RTzgDcKaYyOt1A8RQ,"[{'alias': 'copyshops', 'title': 'Printing Services'}, {'alias': 'graphicdesign', 'title': 'Graphic Design'}, {'alias': 'sessionphotography', 'title': 'Session Photography'}]",40.74773,-73.99041
In2 Printing,"['45-49 162nd St', 'Flushing, NY 11358']",Flushing,4.5,11,"{'latitude': 40.7549, 'longitude': -73.8044199}",,rXUXh9dhDRna_E4sdfDPWg,"[{'alias': 'graphicdesign', 'title': 'Graphic Design'}, {'alias': 'copyshops', 'title': 'Printing Services'}, {'alias': 'signmaking', 'title': 'Signmaking'}]",40.7549,-73.8044199
Studio 27 Media,"['Hopatcong, NJ 07841']",Hopatcong,5.0,1,"{'latitude': 40.9394989013672, 'longitude': -74.6585464477539}",,nd1p3be9cL--kz4deQmQeQ,"[{'alias': 'videographers', 'title': 'Videographers'}, {'alias': 'videofilmproductions', 'title': 'Video/Film Production'}]",40.9394989013672,-74.6585464477539
Clean & Humble,"['277 78th St', 'Bay Ridge, NY 11209']",Bay Ridge,5.0,2,"{'latitude': 40.6474744, 'longitude': -74.0194954}",,3MqMSYMsOBHNhlPpg72Xvg,"[{'alias': 'recording_studios', 'title': 'Recording & Rehearsal Studios'}, {'alias': 'musicproduction', 'title': 'Music Production Services'}]",40.6474744,-74.0194954
Firesign Media,"['Manhattan, NY 10001']",Manhattan,3.5,6,"{'latitude': 40.75095, 'longitude': -73.99811}",,aOWVUYXOk9_WTOQq1avR0Q,"[{'alias': 'marketing', 'title': 'Marketing'}]",40.75095,-73.99811
SugarHill Works,"['723 Saint Nicholas Ave', 'New York, NY 10031']",New York,5.0,5,"{'latitude': 40.824997, 'longitude': -73.9444612}",,qK2xgJgpzcQm1JZOyjlfKQ,"[{'alias': 'copyshops', 'title': 'Printing Services'}, {'alias': 'artrestoration', 'title': 'Art Restoration'}, {'alias': 'digitizingservices', 'title': 'Digitizing Services'}]",40.824997,-73.9444612
Masters of Fun,"['115 Kensington St', 'New York, NY 11235']",New York,4.5,15,"{'latitude': 40.7123944266053, 'longitude': -74.0073394775391}",,P4vyEFZlcFEA6iOrAltJuQ,"[{'alias': 'photoboothrentals', 'title': 'Photo Booth Rentals'}, {'alias': 'videographers', 'title': 'Videographers'}]",40.7123944266053,-74.0073394775391
Esso Studios,"['1013 Grand St', 'Ste 28', 'Brooklyn, NY 11211']",Brooklyn,5.0,3,"{'latitude': 40.7136383, 'longitude': -73.9347059}",,GX8rA2SacmlL4StdZV3nlg,"[{'alias': 'graphicdesign', 'title': 'Graphic Design'}, {'alias': 'eventphotography', 'title': 'Event Photography'}]",40.7136383,-73.9347059
SlowMo Party,"['200-15 36th Ave', 'Bayside, NY 11361']",Bayside,5.0,18,"{'latitude': 40.764389, 'longitude': -73.7858429}",,0UsnOB4sxfaAdd5QK294ZQ,"[{'alias': 'partyequipmentrentals', 'title': 'Party Equipment Rentals'}, {'alias': 'videographers', 'title': 'Videographers'}, {'alias': 'eventphotography', 'title': 'Event Photography'}]",40.764389,-73.7858429
Visual Image Video & Photography,"['7514 13th Ave', 'Brooklyn, NY 11228']",Brooklyn,4.0,5,"{'latitude': 40.61999, 'longitude': -74.00796}",,l43XWYNA4kpynfwwFN6f1w,"[{'alias': 'videographers', 'title': 'Videographers'}, {'alias': 'photographers', 'title': 'Photographers'}]",40.61999,-74.00796
Nightlife Productions,"['354 W37th St', 'Fl 3', 'New York, NY 10018']",New York,3.5,3,"{'latitude': 40.75498, 'longitude': -73.99457}",,JPOGUM_32Frq4moguhKS7A,"[{'alias': 'recording_studios', 'title': 'Recording & Rehearsal Studios'}, {'alias': 'musicproduction', 'title': 'Music Production Services'}]",40.75498,-73.99457
Lights Camera Action Studios,"['1674 Broadway', 'Ste 802', 'Manhattan, NY 10019']",Manhattan,1.0,9,"{'latitude': 40.76279, 'longitude': -73.98294}",,CY5xxJJC9I4AyKZbuMQL2g,"[{'alias': 'videofilmproductions', 'title': 'Video/Film Production'}, {'alias': 'photographers', 'title': 'Photographers'}]",40.76279,-73.98294
Dreamlife Wedding Photos & Video,"['216 E 39th St', 'Level 2', 'New York, NY 10016']",New York,4.0,30,"{'latitude': 40.748557, 'longitude': -73.975267}",,0DTCjufGEpG7yZUow1t6AQ,"[{'alias': 'photographers', 'title': 'Photographers'}, {'alias': 'videographers', 'title': 'Videographers'}]",40.748557,-73.975267
Mediacom Inc,"['992 High Ridge Rd', 'Stamford, CT 06905']",Stamford,5.0,1,"{'latitude': 41.105284, 'longitude': -73.548708}",,I4WCFc8wuzl4DHoBhn5ZDw,"[{'alias': 'videographers', 'title': 'Videographers'}, {'alias': 'videofilmproductions', 'title': 'Video/Film Production'}]",41.105284,-73.548708
"Chait Video, Inc","['75 Holly Hill Ln', 'Ste 100', 'Greenwich, CT 06830']",Greenwich,3.0,2,"{'latitude': 41.01574, 'longitude': -73.64778}",,uZjnGRJARhEh4AzVhTClRg,"[{'alias': 'videofilmproductions', 'title': 'Video/Film Production'}, {'alias': 'photographers', 'title': 'Photographers'}]",41.01574,-73.64778
Loupe Digital Studio,"['117 E 24th St', 'Fl 2', 'Manhattan, NY 10010']",Manhattan,5.0,3,"{'latitude': 40.7406730651855, 'longitude': -73.9848709106445}",,m5ITViBU054TaQhMiRpXCw,"[{'alias': 'copyshops', 'title': 'Printing Services'}, {'alias': 'photographystores', 'title': 'Photography Stores & Services'}, {'alias': 'signmaking', 'title': 'Signmaking'}]",40.7406730651855,-73.9848709106445
Events Capture,"['1314 Jericho Tpk', 'New Hyde Park, NY 11040']",New Hyde Park,3.5,22,"{'latitude': 40.7331643, 'longitude': -73.6819009}",,yCNZEO593j7Qfhr4PXRhXA,"[{'alias': 'videofilmproductions', 'title': 'Video/Film Production'}, {'alias': 'sessionphotography', 'title': 'Session Photography'}, {'alias': 'eventphotography', 'title': 'Event Photography'}]",40.7331643,-73.6819009
Starlight Studioz,"['2299 Coney Island Ave', 'Brooklyn, NY 11223']",Brooklyn,4.0,6,"{'latitude': 40.60108, 'longitude': -73.9610359}",,9UtrBMZt9FghWnyxc0PrRA,"[{'alias': 'videographers', 'title': 'Videographers'}, {'alias': 'photographers', 'title': 'Photographers'}]",40.60108,-73.9610359
North Fork Wedding Films & Photography,"['Glen Cove, NY 11542']",Glen Cove,5.0,1,"{'latitude': 40.85848, 'longitude': -73.62912}",,YTkiHfLKx4LvxHiIsyzQYA,"[{'alias': 'videographers', 'title': 'Videographers'}, {'alias': 'djs', 'title': 'DJs'}, {'alias': 'photographers', 'title': 'Photographers'}]",40.85848,-73.62912
That's A Wrap Productions,"['1675 Newbridge Rd', 'North Bellmore, NY 11710']",North Bellmore,5.0,4,"{'latitude': 40.6816644, 'longitude': -73.539795}",,xJx0koyF4uSuFoGeTgHx_Q,"[{'alias': 'videographers', 'title': 'Videographers'}, {'alias': 'photographers', 'title': 'Photographers'}]",40.6816644,-73.539795
Shaved Head Media,"['Brooklyn, NY 11221']",Brooklyn,1.0,1,"{'latitude': 40.6924, 'longitude': -73.92621}",,ZIrbAbsHyd9SaL2cSrX9Qw,"[{'alias': 'advertising', 'title': 'Advertising'}, {'alias': 'marketing', 'title': 'Marketing'}, {'alias': 'publicrelations', 'title': 'Public Relations'}]",40.6924,-73.92621
True Love Wedding Studio,"['188-04 Northern Blvd', 'Fl 2', 'Flushing, NY 11354']",Flushing,4.5,139,"{'latitude': 40.7575643, 'longitude': -73.7926571}",,v1MTmvVwU6ZUl_zzu9wdtA,"[{'alias': 'videographers', 'title': 'Videographers'}, {'alias': 'sessionphotography', 'title': 'Session Photography'}, {'alias': 'eventphotography', 'title': 'Event Photography'}]",40.7575643,-73.7926571
Brooklyn Stitch,"['37 Noble St', 'Brooklyn, NY 11222']",Brooklyn,2.0,39,"{'latitude': 40.7287684, 'longitude': -73.9595449}",,DqHpe_7Z75UgyMuoYXB25w,"[{'alias': 'screen_printing_tshirt_printing', 'title': 'Screen Printing/T-Shirt Printing'}, {'alias': 'copyshops', 'title': 'Printing Services'}, {'alias': 'graphicdesign', 'title': 'Graphic Design'}]",40.7287684,-73.9595449
Big A Solutions,"['New York, NY 10002']",New York,5.0,1,"{'latitude': 40.757929, 'longitude': -73.985506}",,bwHjSZCKpFtlqA_OvhxW9A,"[{'alias': 'officecleaning', 'title': 'Office Cleaning'}, {'alias': 'damagerestoration', 'title': 'Damage Restoration'}, {'alias': 'pressurewashers', 'title': 'Pressure Washers'}]",40.757929,-73.985506
Publicide,"['250 W 40th St', 'Fl 8', 'New York, NY 10018']",New York,3.5,22,"{'latitude': 40.75542, 'longitude': -73.98973}",,uPiqS48RQLAxw6C9u3zLEw,"[{'alias': 'copyshops', 'title': 'Printing Services'}, {'alias': 'graphicdesign', 'title': 'Graphic Design'}]",40.75542,-73.98973
Bestype Printing,"['285 W Broadway', 'New York, NY 10013']",New York,4.5,29,"{'latitude': 40.7208373, 'longitude': -74.0046332}",,tKvxSpET49sC3N3mPDqlBw,"[{'alias': 'copyshops', 'title': 'Printing Services'}, {'alias': 'signmaking', 'title': 'Signmaking'}, {'alias': 'bookbinding', 'title': 'Bookbinding'}]",40.7208373,-74.0046332
Pregnant Belly Painting,"['34 Van Houten St', 'Paterson, NJ 07505']",Paterson,5.0,1,"{'latitude': 40.9179256, 'longitude': -74.1766118}",,uw3wiwd51d2e-wM1ehrdEg,"[{'alias': 'commissionedartists', 'title': 'Commissioned Artists'}]",40.9179256,-74.1766118
Pro Image Photo,"['289 Amsterdam Ave', 'New York, NY 10023']",New York,3.0,49,"{'latitude': 40.7794727, 'longitude': -73.9807986}",,wdNLY0eBhgWkn_s4MIXlfQ,"[{'alias': 'copyshops', 'title': 'Printing Services'}, {'alias': 'eventphotography', 'title': 'Event Photography'}, {'alias': 'graphicdesign', 'title': 'Graphic Design'}]",40.7794727,-73.9807986
J Castillo Films,"['140 W 23rd St', 'Deer Park, NY 11729']",Deer Park,5.0,3,"{'latitude': 40.75142, 'longitude': -73.34765}",,zoVtJ_GnFsMi_uwiS-qFrQ,"[{'alias': 'videographers', 'title': 'Videographers'}, {'alias': 'eventphotography', 'title': 'Event Photography'}]",40.75142,-73.34765
George Street Photo & Video,"['1120 6th Ave', 'Ste 4004', 'Manhattan, NY 10007']",Manhattan,4.0,75,"{'latitude': 40.7555999755859, 'longitude': -73.9828567504883}",,u9zo8wWswXCkrxBgcS68Fg,"[{'alias': 'photographers', 'title': 'Photographers'}, {'alias': 'videographers', 'title': 'Videographers'}]",40.7555999755859,-73.9828567504883
WhiteWater Music,"['5 E19th St', 'Fl 3', 'New York, NY 10003']",New York,1.0,3,"{'latitude': 40.7327412957708, 'longitude': -73.9873675846558}",,NgIHKwjOe0nJeCIGcNIPwQ,"[{'alias': 'musicproduction', 'title': 'Music Production Services'}]",40.7327412957708,-73.9873675846558
Unique Print  NY,"['252 Greene St', 'New York, NY 10003']",New York,4.5,109,"{'latitude': 40.730564, 'longitude': -73.994408}",,mIgMnenWNzf3ysehNdc4DA,"[{'alias': 'copyshops', 'title': 'Printing Services'}, {'alias': 'signmaking', 'title': 'Signmaking'}, {'alias': 'bookbinding', 'title': 'Bookbinding'}]",40.730564,-73.994408
Vivid Photo,"['2215 Ave U', 'Brooklyn, NY 11229']",Brooklyn,3.0,21,"{'latitude': 40.59989, 'longitude': -73.94892}",2.0,lYXJe2tLDi1E9IVlNn5dQA,"[{'alias': 'photographystores', 'title': 'Photography Stores & Services'}, {'alias': 'framing', 'title': 'Framing'}, {'alias': 'digitizingservices', 'title': 'Digitizing Services'}]",40.59989,-73.94892
Crystal Lake Pictures,"['101 Crawfords Corner Rd', 'Ste 4-101R', 'Holmdel, NJ 07733']",Holmdel,3.0,2,"{'latitude': 40.3650877, 'longitude': -74.167457}",,TpFpldpMnWxy0NG1mbO1Mg,"[{'alias': 'videofilmproductions', 'title': 'Video/Film Production'}, {'alias': 'videographers', 'title': 'Videographers'}, {'alias': 'photographers', 'title': 'Photographers'}]",40.3650877,-74.167457
rjephoto,"['basking ridge, NJ 07920']",basking ridge,5.0,2,"{'latitude': 40.7064399719238, 'longitude': -74.548713684082}",,GHvplwEjDah5racbwePoZw,"[{'alias': 'eventphotography', 'title': 'Event Photography'}, {'alias': 'sessionphotography', 'title': 'Session Photography'}, {'alias': 'estatephotography', 'title': 'Real Estate Photography'}]",40.7064399719238,-74.548713684082
The Candi Project,"['Plainview, NY 11803']",Plainview,5.0,22,"{'latitude': 40.7848157, 'longitude': -73.471054}",,_F3CekxBFXTvfHKdGeUxDw,"[{'alias': 'videographers', 'title': 'Videographers'}]",40.7848157,-73.471054
Koblenz Law,"['3 W 35th St', '6th Fl', 'New York, NY 10001']",New York,5.0,1,"{'latitude': 40.749741, 'longitude': -73.984576}",,4UPeJcds8uisL5xzPiOJyQ,"[{'alias': 'entertainmentlaw', 'title': 'Entertainment Law'}]",40.749741,-73.984576
Breathe Artistic Cinematography & Photography,"['230 Market St', 'Elmwood Park, NJ 07407']",Elmwood Park,5.0,3,"{'latitude': 40.9003785, 'longitude': -74.1219231}",,m1O76vy0ZY1V5ttfgX4PtQ,"[{'alias': 'videographers', 'title': 'Videographers'}, {'alias': 'eventphotography', 'title': 'Event Photography'}]",40.9003785,-74.1219231
Dancejock Productions,"['40 Burt Dr', 'Ste 1', 'Deer Park, NY 11729']",Deer Park,4.5,12,"{'latitude': 40.758861, 'longitude': -73.305488}",,-y4h0EPasqgyDc_5xQOpjA,"[{'alias': 'djs', 'title': 'DJs'}, {'alias': 'videographers', 'title': 'Videographers'}, {'alias': 'eventplanning', 'title': 'Party & Event Planning'}]",40.758861,-73.305488
NYC Printing 123,"['436 4th Ave', 'Brooklyn, NY 11215']",Brooklyn,1.0,17,"{'latitude': 40.6708653, 'longitude': -73.9886324}",,G-aDtjxQSPTgt9pRQXKY_Q,"[{'alias': 'web_design', 'title': 'Web Design'}, {'alias': 'copyshops', 'title': 'Printing Services'}, {'alias': 'graphicdesign', 'title': 'Graphic Design'}]",40.6708653,-73.9886324
Davoli Law Firm,"['153 W 27th St', 'Ste 204', 'New York, NY 10001']",New York,5.0,2,"{'latitude': 40.7465473, 'longitude': -73.992982}",,-MrSCXJ5KD_Nl31ecOMGew,"[{'alias': 'legalservices', 'title': 'Legal Services'}, {'alias': 'businesslawyers', 'title': 'Business Law'}]",40.7465473,-73.992982
White Diamond Video,"['27 Family Ln', 'Levittown, NY 11756']",Levittown,4.5,17,"{'latitude': 40.740695, 'longitude': -73.522346}",,K_c2uUd-olZGawzIVq36Cw,"[{'alias': 'videographers', 'title': 'Videographers'}]",40.740695,-73.522346
GreenHouse Eco-Cleaning,"['Brooklyn, NY 11201']",Brooklyn,3.5,28,"{'latitude': 40.7027212, 'longitude': -73.9868942}",,3blTWJfH3WSwTiaJU6Al8w,"[{'alias': 'homecleaning', 'title': 'Home Cleaning'}, {'alias': 'officecleaning', 'title': 'Office Cleaning'}, {'alias': 'carpet_cleaning', 'title': 'Carpet Cleaning'}]",40.7027212,-73.9868942
Timeless Love Pix,"['Floral Park, NY 11003']",Floral Park,5.0,2,"{'latitude': 40.70224, 'longitude': -73.70496}",,5q1AHx3WruEeb_noqAj99A,"[{'alias': 'photoboothrentals', 'title': 'Photo Booth Rentals'}, {'alias': 'eventphotography', 'title': 'Event Photography'}, {'alias': 'videographers', 'title': 'Videographers'}]",40.70224,-73.70496
Creative Unlimited,"['Old Bridge, NJ 08857']",Old Bridge,5.0,2,"{'latitude': 40.40297, 'longitude': -74.31309}",,efSoUObYWJUOET_VECJSlQ,"[{'alias': 'eventphotography', 'title': 'Event Photography'}, {'alias': 'videographers', 'title': 'Videographers'}]",40.40297,-74.31309
AA Film Studios,"['762 Green St', 'Ste 1L', 'Old Bridge, NJ 08857']",Old Bridge,3.5,3,"{'latitude': 40.564601, 'longitude': -74.3023555}",,jWJzqnF7qfPAccbRd5dbPQ,"[{'alias': 'videographers', 'title': 'Videographers'}, {'alias': 'eventphotography', 'title': 'Event Photography'}]",40.564601,-74.3023555
Romano Law,"['55 Broad St', 'Fl 18', 'New York, NY 10004']",New York,4.5,14,"{'latitude': 40.7053913324561, 'longitude': -74.0112110502624}",,LjA0DTU2PcWtCs7N-zshpg,"[{'alias': 'employmentlawyers', 'title': 'Employment Law'}, {'alias': 'businesslawyers', 'title': 'Business Law'}, {'alias': 'entertainmentlaw', 'title': 'Entertainment Law'}]",40.7053913324561,-74.0112110502624
Sets and Effects,"['1239 Dekalb Ave', 'Brooklyn, NY 11221']",Brooklyn,5.0,1,"{'latitude': 40.696456, 'longitude': -73.927286}",,5Vj9ThUBbrJKC4J1qv0h2w,"[{'alias': 'signmaking', 'title': 'Signmaking'}, {'alias': 'tvmounting', 'title': 'TV Mounting'}, {'alias': 'metalfabricators', 'title': 'Metal Fabricators'}]",40.696456,-73.927286
Big City Manufacturing,"['2321 Jfk Boulevard', 'Sb 27-A', 'North Bergen, NJ 07047']",North Bergen,1.0,2,"{'latitude': 40.770339, 'longitude': -74.038849}",,8gOeYfV1G1raGQi-EtKhTA,"[{'alias': 'graphicdesign', 'title': 'Graphic Design'}, {'alias': 'web_design', 'title': 'Web Design'}, {'alias': 'copyshops', 'title': 'Printing Services'}]",40.770339,-74.038849
Nefeli Soteriou,"['10 Maple St', 'Apt F11', 'New York, NY 11225']",New York,5.0,1,"{'latitude': 40.66013, 'longitude': -73.96038}",,kuidyx3kbUHMfu6kCEkJtw,"[{'alias': 'lifecoach', 'title': 'Life Coach'}, {'alias': 'reiki', 'title': 'Reiki'}]",40.66013,-73.96038
Smash Studios,"['307 West 36th St', 'Fl 18', 'New York, NY 10018']",New York,3.5,39,"{'latitude': 40.75383, 'longitude': -73.99308}",,GKWVGLa1RyDFF35s6T0Mvw,"[{'alias': 'recording_studios', 'title': 'Recording & Rehearsal Studios'}, {'alias': 'venues', 'title': 'Venues & Event Spaces'}, {'alias': 'musicproduction', 'title': 'Music Production Services'}]",40.75383,-73.99308
Barbara Mcnamara Casting,"['249 W 34th St', 'Rm 500', 'New York, NY 10001']",New York,4.5,2,"{'latitude': 40.752, 'longitude': -73.99227}",,3zpJqp_tNjXmzsmHnIRwbw,[],40.752,-73.99227
Riccardo Studios,"['162-38 Crossbay Blvd', 'Howard Beach, NY 11414']",Howard Beach,3.0,11,"{'latitude': 40.6528664, 'longitude': -73.8385849}",,xL8BvCUPYUOMBTcJ181QyQ,"[{'alias': 'photographers', 'title': 'Photographers'}, {'alias': 'videographers', 'title': 'Videographers'}]",40.6528664,-73.8385849
Musiclab NYC,"['Elmont, NY 11003']",Elmont,5.0,1,"{'latitude': 40.6943581912167, 'longitude': -73.7173442937317}",,WajpFW_aij9RxY3Dqg4i4g,"[{'alias': 'recording_studios', 'title': 'Recording & Rehearsal Studios'}, {'alias': 'musicproduction', 'title': 'Music Production Services'}]",40.6943581912167,-73.7173442937317
Fiorella Image,"['Edgewater, NJ 07020']",Edgewater,1.0,1,"{'latitude': 40.8236770629883, 'longitude': -73.9738159179688}",,hEkCCGLEQFdDlcWhsErxMQ,"[{'alias': 'eventphotography', 'title': 'Event Photography'}, {'alias': 'videographers', 'title': 'Videographers'}, {'alias': 'photoboothrentals', 'title': 'Photo Booth Rentals'}]",40.8236770629883,-73.9738159179688
DFP,"['White Plains, NY 10605']",White Plains,5.0,7,"{'latitude': 40.9334252, 'longitude': -73.7493455}",,gnunr8yrJZHnE_t0FUqDiA,"[{'alias': 'videographers', 'title': 'Videographers'}, {'alias': 'eventphotography', 'title': 'Event Photography'}]",40.9334252,-73.7493455
Gio Photography & Video,"['353 Broad Ave', 'Ste 200', 'Leonia, NJ 07605']",Leonia,5.0,19,"{'latitude': 40.8623677, 'longitude': -73.9870892}",,TfhJrZua5RsulbD3iXPIHQ,"[{'alias': 'videographers', 'title': 'Videographers'}, {'alias': 'sessionphotography', 'title': 'Session Photography'}, {'alias': 'eventphotography', 'title': 'Event Photography'}]",40.8623677,-73.9870892
Anna's Cleaning Company,"['517 George Urban Blvd', 'Buffalo, NY 14225']",Buffalo,4.0,112,"{'latitude': 40.70458, 'longitude': -73.90113}",,HcH9Psp1GXhEbI6QfCRjCg,"[{'alias': 'homecleaning', 'title': 'Home Cleaning'}, {'alias': 'officecleaning', 'title': 'Office Cleaning'}]",40.70458,-73.90113
Caelum Music Production,"['Oceanside, NY 11572']",Oceanside,5.0,2,"{'latitude': 40.63471, 'longitude': -73.65466}",,KDlwzfj2vpK4qKi2Pqsd3A,"[{'alias': 'recording_studios', 'title': 'Recording & Rehearsal Studios'}, {'alias': 'musicians', 'title': 'Musicians'}, {'alias': 'musicproduction', 'title': 'Music Production Services'}]",40.63471,-73.65466
Accomplishment Coaching,"['2831 Camino Del Rio S', 'Ste 216', 'New York, NY 10006']",New York,4.5,16,"{'latitude': 40.7091015, 'longitude': -74.0139967}",,n96Rr_t8Yi8ZzWRviMZ04Q,"[{'alias': 'lifecoach', 'title': 'Life Coach'}]",40.7091015,-74.0139967
Dirt Nerd,"['New York, NY 10282']",New York,4.5,38,"{'latitude': 40.71596, 'longitude': -74.01479}",,AbVqIay_H_ZOX8tsQtNJ_g,"[{'alias': 'homecleaning', 'title': 'Home Cleaning'}, {'alias': 'officecleaning', 'title': 'Office Cleaning'}, {'alias': 'home_organization', 'title': 'Home Organization'}]",40.71596,-74.01479
Hi Tech Studios,"['10 Grace Ave', 'Great Neck, NY 11021']",Great Neck,5.0,6,"{'latitude': 40.7881851196289, 'longitude': -73.7279281616211}",2.0,zTYY9V8rTg9WBX1z5jcW0A,"[{'alias': 'photographystores', 'title': 'Photography Stores & Services'}, {'alias': 'eventphotography', 'title': 'Event Photography'}, {'alias': 'videographers', 'title': 'Videographers'}]",40.7881851196289,-73.7279281616211
Pro Signs & Wraps,"['45 Cedar St', 'Unit 01', 'Stamford, CT 06902']",Stamford,5.0,2,"{'latitude': 41.042589, 'longitude': -73.5351639}",,1b0vww4fVZiKObuAHicq1A,"[{'alias': 'signmaking', 'title': 'Signmaking'}, {'alias': 'vehiclewraps', 'title': 'Vehicle Wraps'}, {'alias': 'graphicdesign', 'title': 'Graphic Design'}]",41.042589,-73.5351639
MyClean Cleaning Services NYC,"['247 West 35th St', 'Fl 9', 'New York, NY 10001']",New York,4.5,732,"{'latitude': 40.7526971686163, 'longitude': -73.9923072871521}",,ZIePa2P6FkfjL2UOdnkEOg,"[{'alias': 'homecleaning', 'title': 'Home Cleaning'}, {'alias': 'officecleaning', 'title': 'Office Cleaning'}]",40.7526971686163,-73.9923072871521
Chic Inspiration - Personal Shopper and Image Consulting,"['133 W 72nd St', 'Ste 403', 'New York, NY 10023']",New York,4.5,12,"{'latitude': 40.77816, 'longitude': -73.97982}",2.0,YGoClXPW4bAHwGC-NoNRXQ,"[{'alias': 'personal_shopping', 'title': 'Personal Shopping'}, {'alias': 'businessconsulting', 'title': 'Business Consulting'}]",40.77816,-73.97982
Pollock Spark,"['70 Berry St', 'PH A', 'Brooklyn, NY 11249']",Brooklyn,3.5,2,"{'latitude': 40.7203359442127, 'longitude': -73.9576951455383}",,2D1iUVSqpbmUShpRyJqLCw,"[{'alias': 'careercounseling', 'title': 'Career Counseling'}]",40.7203359442127,-73.9576951455383
Visual Image Video and Photography,"['18 Hervey St', 'Staten Island, NY 10309']",Staten Island,1.0,2,"{'latitude': 40.5533063, 'longitude': -74.2169925}",,nECtyzKpkRYl33uz-HdMEg,"[{'alias': 'videographers', 'title': 'Videographers'}, {'alias': 'photographers', 'title': 'Photographers'}]",40.5533063,-74.2169925
Sign Graphics,"['625 60th St', 'West New York, NJ 07093']",West New York,5.0,2,"{'latitude': 40.790919, 'longitude': -74.020916}",,qWeOgVLOirSpcNkfkwGqLA,"[{'alias': 'signmaking', 'title': 'Signmaking'}]",40.790919,-74.020916
Joie Elie Photography,"['1075 Easton Ave', 'Tower 2, Ste 5', 'Somerset, NJ 08873']",Somerset,4.5,3,"{'latitude': 40.4933734, 'longitude': -74.5228916}",,kqEVYGeXrekQ7LL8mUBx1g,"[{'alias': 'videographers', 'title': 'Videographers'}, {'alias': 'sessionphotography', 'title': 'Session Photography'}, {'alias': 'eventphotography', 'title': 'Event Photography'}]",40.4933734,-74.5228916
Runway Waiters,"['New York, NY 10011']",New York,5.0,1,"{'latitude': 40.7392845153809, 'longitude': -73.9989318847656}",,2SM2XyslghywECkzSWbf_w,"[{'alias': 'bartenders', 'title': 'Bartenders'}, {'alias': 'employmentagencies', 'title': 'Employment Agencies'}, {'alias': 'talentagencies', 'title': 'Talent Agencies'}]",40.7392845153809,-73.9989318847656
NYCastings,"['311 W 43rd St', 'New York, NY 10036']",New York,3.0,5,"{'latitude': 40.758512, 'longitude': -73.990033}",,81lozdncuQcuvYJzXvmViQ,"[{'alias': 'talentagencies', 'title': 'Talent Agencies'}]",40.758512,-73.990033
Aperture Alley,"['400 High St', 'Ste D', 'HACKETTSTOWN, NJ 07840']",HACKETTSTOWN,5.0,1,"{'latitude': 40.8586297, 'longitude': -74.8274098}",,qnF32EB7lZqQGbehA8Bb_w,"[{'alias': 'eventphotography', 'title': 'Event Photography'}, {'alias': 'videographers', 'title': 'Videographers'}, {'alias': 'sessionphotography', 'title': 'Session Photography'}]",40.8586297,-74.8274098
Swift Copy Printing,"['10 E 36th St', 'New York, NY 10016']",New York,4.0,26,"{'latitude': 40.7497693100554, 'longitude': -73.9828030804431}",,tWSZADNR6Um3_8_Xv87tSw,"[{'alias': 'copyshops', 'title': 'Printing Services'}, {'alias': 'signmaking', 'title': 'Signmaking'}]",40.7497693100554,-73.9828030804431
River Red Casting,"['129-09 123rd St', 'Queens, NY 11420']",Queens,5.0,1,"{'latitude': 40.6752581, 'longitude': -73.8145288}",,4fkGUBMDyFwcSO-UJg5xWQ,"[{'alias': 'talentagencies', 'title': 'Talent Agencies'}]",40.6752581,-73.8145288
Backstage Casting,"['45 Main St', 'Brooklyn, NY 11201']",Brooklyn,3.5,54,"{'latitude': 40.70278, 'longitude': -73.99059}",,3n5N7GSna-_X3kd6h-d_BQ,"[{'alias': 'talentagencies', 'title': 'Talent Agencies'}]",40.70278,-73.99059
Sylvia Fay Casting,"['420 W End Ave', 'Unit Gr D', 'New York, NY 10024']",New York,2.5,8,"{'latitude': 40.78506, 'longitude': -73.98025}",,Cvv76_MbpdBSkEBSR3QJLw,"[{'alias': 'talentagencies', 'title': 'Talent Agencies'}]",40.78506,-73.98025
Montclair Center Camera Exchange,"['7 Park St', 'Ste 201', 'Montclair, NJ 07042']",Montclair,3.0,9,"{'latitude': 40.8152083, 'longitude': -74.2186803}",,j2qkrzqGP1N38ED8_7bw7g,"[{'alias': 'photographystores', 'title': 'Photography Stores & Services'}, {'alias': 'sessionphotography', 'title': 'Session Photography'}, {'alias': 'digitizingservices', 'title': 'Digitizing Services'}]",40.8152083,-74.2186803
J Ferrara Photography,"['263 Main St', 'Cornwall, NY 12518']",Cornwall,5.0,2,"{'latitude': 41.4356261402511, 'longitude': -74.0329892272577}",,AMU04HPiuH-nTfvkOIHxFw,"[{'alias': 'sessionphotography', 'title': 'Session Photography'}, {'alias': 'eventphotography', 'title': 'Event Photography'}, {'alias': 'videographers', 'title': 'Videographers'}]",41.4356261402511,-74.0329892272577
Premier Digital Photography and Video,"['169 Main St', 'Staten Island, NY 10307']",Staten Island,2.5,13,"{'latitude': 40.51082, 'longitude': -74.24844}",,Pyfz_t073ba3YcDw1EiGKA,"[{'alias': 'eventphotography', 'title': 'Event Photography'}, {'alias': 'videographers', 'title': 'Videographers'}, {'alias': 'photoboothrentals', 'title': 'Photo Booth Rentals'}]",40.51082,-74.24844
Vaaho Photographer & Cinematographers,"['132 S Broadway', 'Hicksville, NY 11801']",Hicksville,3.5,14,"{'latitude': 40.765727, 'longitude': -73.5222644}",,w7unGx_lAM0SNZa1aJdQ3w,"[{'alias': 'videographers', 'title': 'Videographers'}, {'alias': 'sessionphotography', 'title': 'Session Photography'}, {'alias': 'eventphotography', 'title': 'Event Photography'}]",40.765727,-73.5222644
Capture the Moment Studios,"['637 A Old Willets Path', 'Hauppauge, NY 11788']",Hauppauge,5.0,12,"{'latitude': 40.8143861589838, 'longitude': -73.2325985772461}",,qAvSDIy8Ona0MvGPtsbtoA,"[{'alias': 'videographers', 'title': 'Videographers'}, {'alias': 'eventphotography', 'title': 'Event Photography'}]",40.8143861589838,-73.2325985772461
The New York Talent Club Talent & Model Agency,"['New York, NY 10001']",New York,1.0,1,"{'latitude': 40.750244140625, 'longitude': -73.9970245361328}",,5gvvuJ3_cBsdmb_GQ8yjFg,"[{'alias': 'talentagencies', 'title': 'Talent Agencies'}]",40.750244140625,-73.9970245361328
Exec Cleaning & Maid Service,"['New York, NY 10007']",New York,4.0,45,"{'latitude': 40.7134170532227, 'longitude': -74.0077056884766}",,1NtFv1gV_tapHlsHaVqzIw,"[{'alias': 'homecleaning', 'title': 'Home Cleaning'}, {'alias': 'officecleaning', 'title': 'Office Cleaning'}]",40.7134170532227,-74.0077056884766
Marc Trautrimas,"['1198 Metropolitan Ave', 'Brooklyn, NY 11237']",Brooklyn,1.0,6,"{'latitude': 40.713945, 'longitude': -73.929049}",,6Z91hfdQR_OK0S8dZHvoTg,"[{'alias': 'architects', 'title': 'Architects'}]",40.713945,-73.929049
FedEx Office Print & Ship Center,"['250 E Houston St', 'New York, NY 10002']",New York,2.0,87,"{'latitude': 40.7219259989941, 'longitude': -73.98458629315}",,visoboXBrr8DBLleCHLzcw,"[{'alias': 'copyshops', 'title': 'Printing Services'}, {'alias': 'shipping_centers', 'title': 'Shipping Centers'}, {'alias': 'signmaking', 'title': 'Signmaking'}]",40.7219259989941,-73.98458629315
Silverfox Photography,"['380 New Hwy', 'Lindenhurst, NY 11757']",Lindenhurst,4.0,27,"{'latitude': 40.7170295715332, 'longitude': -73.4063491821289}",,drahsyYPM12f7LyvBa3s_A,"[{'alias': 'videographers', 'title': 'Videographers'}, {'alias': 'eventphotography', 'title': 'Event Photography'}]",40.7170295715332,-73.4063491821289
Abella Studios,"['84 Brunswick Woods Dr', 'East Brunswick, NJ 08816']",East Brunswick,4.0,22,"{'latitude': 40.42199, 'longitude': -74.39016}",,u9CAeBYXmvN9pFKOUBSLWw,"[{'alias': 'videographers', 'title': 'Videographers'}, {'alias': 'eventphotography', 'title': 'Event Photography'}]",40.42199,-74.39016
Great Green Cleaning and Maid Service,"['264 1st St', 'Brooklyn, NY 11215']",Brooklyn,3.0,50,"{'latitude': 40.6747, 'longitude': -73.98395}",,phl_X8WGf5qZEVOcDyumag,"[{'alias': 'homecleaning', 'title': 'Home Cleaning'}, {'alias': 'officecleaning', 'title': 'Office Cleaning'}, {'alias': 'windowwashing', 'title': 'Window Washing'}]",40.6747,-73.98395
Adecco Staffing,"['1040 Ave Of The Americas', 'Fl 19', 'New York, NY 10018']",New York,3.0,47,"{'latitude': 40.75299, 'longitude': -73.98503}",,mU-0BD1T_TiNvKiNRLvj6Q,"[{'alias': 'employmentagencies', 'title': 'Employment Agencies'}]",40.75299,-73.98503
FedEx Office Ship Center,"['6 Barclay St', 'New York, NY 10007']",New York,2.5,10,"{'latitude': 40.7121893328885, 'longitude': -74.0087823163102}",,jQRcrLeIr_xmRudnAipqBg,"[{'alias': 'shipping_centers', 'title': 'Shipping Centers'}, {'alias': 'copyshops', 'title': 'Printing Services'}, {'alias': 'signmaking', 'title': 'Signmaking'}]",40.7121893328885,-74.0087823163102
Synergy Maids Cleaning Service,"['211 W 56th St', 'Ste 7M', 'New York, NY 10019']",New York,4.5,281,"{'latitude': 40.76539, 'longitude': -73.98158}",,amxGsBLCL-oXIpELjB6mkA,"[{'alias': 'homecleaning', 'title': 'Home Cleaning'}, {'alias': 'carpet_cleaning', 'title': 'Carpet Cleaning'}, {'alias': 'officecleaning', 'title': 'Office Cleaning'}]",40.76539,-73.98158
FedEx Office Print & Ship Center,"['105 Duane St', 'New York, NY 10007']",New York,2.5,47,"{'latitude': 40.715613, 'longitude': -74.005891}",,lMEeuDOCfdF4geFjJlqGyg,"[{'alias': 'shipping_centers', 'title': 'Shipping Centers'}, {'alias': 'copyshops', 'title': 'Printing Services'}, {'alias': 'signmaking', 'title': 'Signmaking'}]",40.715613,-74.005891
Videoccasions Video Productions,"['808 High Mountain Rd', 'Ste 207', 'Franklin Lakes, NJ 07417']",Franklin Lakes,1.0,8,"{'latitude': 40.994272, 'longitude': -74.213135}",,3qp8Yi2YkdEQoeno_aKKGg,"[{'alias': 'videographers', 'title': 'Videographers'}]",40.994272,-74.213135
Verizon,"['2239 Broadway', 'New York, NY 10024']",New York,2.0,94,"{'latitude': 40.7845465, 'longitude': -73.9798640699406}",3.0,atpcRpK5VJkyYxyZrNn0IQ,"[{'alias': 'mobilephones', 'title': 'Mobile Phones'}, {'alias': 'electronics', 'title': 'Electronics'}, {'alias': 'isps', 'title': 'Internet Service Providers'}]",40.7845465,-73.9798640699406
Kinetic Security Ops,"['Harrison, NY 10577']",Harrison,5.0,2,"{'latitude': 41.03619, 'longitude': -73.71811}",,TEB5DujRK4B85FzG4KJcsw,"[{'alias': 'privateinvestigation', 'title': 'Private Investigation'}, {'alias': 'security', 'title': 'Security Services'}]",41.03619,-73.71811
Atrium,"['387 Park Ave S', 'Fl 3', 'New York, NY 10016']",New York,3.0,115,"{'latitude': 40.74283, 'longitude': -73.9842199}",,1FPBgkbeKg2jaSlFQ2CD6g,"[{'alias': 'employmentagencies', 'title': 'Employment Agencies'}]",40.74283,-73.9842199
Spectrum,"['43 W 23rd St', 'New York, NY 10010']",New York,1.5,891,"{'latitude': 40.7425261, 'longitude': -73.9911395}",,8AdJC2-2VboPN_Wp8oTddw,"[{'alias': 'televisionserviceproviders', 'title': 'Television Service Providers'}, {'alias': 'isps', 'title': 'Internet Service Providers'}, {'alias': 'homeautomation', 'title': 'Home Automation'}]",40.7425261,-73.9911395
Pure Productive Services,"['Weehawken, NJ 07086']",Weehawken,1.5,67,"{'latitude': 40.774097442627, 'longitude': -74.0174865722656}",,g-0ipgPROCVf56c3n0mkEg,"[{'alias': 'homecleaning', 'title': 'Home Cleaning'}, {'alias': 'officecleaning', 'title': 'Office Cleaning'}, {'alias': 'carpet_cleaning', 'title': 'Carpet Cleaning'}]",40.774097442627,-74.0174865722656
Jamroe Cleaning Service,"['Springfield Gardens, NY 11413']",Springfield Gardens,4.0,103,"{'latitude': 40.67537, 'longitude': -73.75155}",,3wNZF572CD0YvR0zbcfvgA,"[{'alias': 'homecleaning', 'title': 'Home Cleaning'}, {'alias': 'officecleaning', 'title': 'Office Cleaning'}]",40.67537,-73.75155
Elen's Kids,"['1119 Raritan Rd', 'Clark, NJ 07066']",Clark,1.5,21,"{'latitude': 40.628659, 'longitude': -74.312986}",,BaCGJ5iiVulv_Ap48DYvdw,"[{'alias': 'talentagencies', 'title': 'Talent Agencies'}]",40.628659,-74.312986
Moviepass,"['175 Varick St', 'Ste 604', 'New York, NY 10014']",New York,1.0,100,"{'latitude': 40.7274061338494, 'longitude': -74.0060500055552}",,l-tLojHCnrhR3zGC9ER47g,"[{'alias': 'isps', 'title': 'Internet Service Providers'}]",40.7274061338494,-74.0060500055552
New Jersey Cleaning Services,"['153 Sherman Pl', 'Garfield, NJ 07026']",Garfield,4.5,51,"{'latitude': 40.874355, 'longitude': -74.102191}",,zNaLqkB2isoPJ5KmvlY7Gg,"[{'alias': 'homecleaning', 'title': 'Home Cleaning'}, {'alias': 'officecleaning', 'title': 'Office Cleaning'}]",40.874355,-74.102191
Verizon Corporate,"['140 West St', 'New York, NY 10007']",New York,1.0,253,"{'latitude': 40.7138062516244, 'longitude': -74.0129837300378}",4.0,PRy3uF0eWQReOnByXWpJuQ,"[{'alias': 'mobilephones', 'title': 'Mobile Phones'}, {'alias': 'isps', 'title': 'Internet Service Providers'}]",40.7138062516244,-74.0129837300378
Putnam Window Tint,"['25 Miller Rd', 'Mahopac, NY 10541']",Mahopac,4.0,13,"{'latitude': 41.34713, 'longitude': -73.7529799}",,pnZFt8RsBSfXqC1GrxzzQw,"[{'alias': 'autoglass', 'title': 'Auto Glass Services'}, {'alias': 'signmaking', 'title': 'Signmaking'}, {'alias': 'homewindowtinting', 'title': 'Home Window Tinting'}]",41.34713,-73.7529799
Spectrum,"['2554 Broadway', 'New York, NY 10025']",New York,1.5,162,"{'latitude': 40.79442064420939, 'longitude': -73.9716408}",,HUTQ51a22NsFOI7JcFNm-Q,"[{'alias': 'televisionserviceproviders', 'title': 'Television Service Providers'}, {'alias': 'isps', 'title': 'Internet Service Providers'}, {'alias': 'homeautomation', 'title': 'Home Automation'}]",40.79442064420939,-73.9716408
Verizon,"['447 Boston Post Rd', 'Port Chester, NY 10573']",Port Chester,2.0,23,"{'latitude': 40.9935060593934, 'longitude': -73.6741058528423}",2.0,D6tBhq-0MxXmv8Nwtja3JQ,"[{'alias': 'mobilephones', 'title': 'Mobile Phones'}, {'alias': 'electronics', 'title': 'Electronics'}, {'alias': 'isps', 'title': 'Internet Service Providers'}]",40.9935060593934,-73.6741058528423
Secret Fire Media,"['Wappingers Falls, NY 12590']",Wappingers Falls,4.0,10,"{'latitude': 41.59696, 'longitude': -73.91325}",,N6lGBzbtg6SsnOBObYrAZA,"[{'alias': 'videographers', 'title': 'Videographers'}, {'alias': 'eventphotography', 'title': 'Event Photography'}]",41.59696,-73.91325
Karmapants Photography,"['Mount Holly, NJ 08060']",Mount Holly,5.0,1,"{'latitude': 39.9976539611816, 'longitude': -74.7843933105469}",,UPE_-jJWuZYXA2IB2HuFCQ,"[{'alias': 'videofilmproductions', 'title': 'Video/Film Production'}, {'alias': 'eventphotography', 'title': 'Event Photography'}]",39.9976539611816,-74.7843933105469
Cinescope,"['5 S Main St', 'Doylestown, PA 18901']",Doylestown,5.0,3,"{'latitude': 40.309828966856, 'longitude': -75.1303079724312}",,zP9RfHFXum4WTm24j1GLPA,"[{'alias': 'videofilmproductions', 'title': 'Video/Film Production'}, {'alias': 'videographers', 'title': 'Videographers'}]",40.309828966856,-75.1303079724312
BeauMonde Originals,"['3128 N 35th St', 'Philadelphia, PA 19132']",Philadelphia,5.0,2,"{'latitude': 40.00559, 'longitude': -75.18678}",,joglMtOF9ir-g_Rpf1PW9Q,"[{'alias': 'videofilmproductions', 'title': 'Video/Film Production'}, {'alias': 'web_design', 'title': 'Web Design'}, {'alias': 'sessionphotography', 'title': 'Session Photography'}]",40.00559,-75.18678
Jordan Green Productions,"['3502 Leavenworth St', 'Omaha, NE 68105']",Omaha,1.0,1,"{'latitude': 41.252651, 'longitude': -95.964111}",,gseNJEdRFVKwgt_FqK5SCw,"[{'alias': 'videofilmproductions', 'title': 'Video/Film Production'}, {'alias': 'photographers', 'title': 'Photographers'}]",41.252651,-95.964111
Kiss the Bride Films,"['San Francisco, CA 94103']",San Francisco,5.0,14,"{'latitude': 37.7744789123535, 'longitude': -122.409164428711}",,DXUXNkrxngDzzPK3Qhh4aA,"[{'alias': 'videographers', 'title': 'Videographers'}]",37.7744789123535,-122.409164428711
